id,domain,status,purchase_price,renewal_price,attractiveness,demand,length,registrar,created_at,expires_at,status_verified_at
5a8a3b66-2a5b-47af-bb05-34878b4f387c,officially.kiwi,available,31.98,35.68,high,low,10,namecheap,,,14/09/2026 19:44
7da0d267-a2cc-4f8b-bb2b-4456c0abe534,pamphlet.kiwi,available,31.98,35.68,high,low,8,namecheap,,,24/09/2026 07:11
d3f1c4f6-6cf8-486e-986b-aae904f655be,survives.kiwi,available,31.98,35.68,medium,low,8,namecheap,,,29/09/2026 17:53
7470fe45-cee5-4773-bd66-6f9905635c34,retract.kiwi,available,21.41,21.41,medium,low,7,dynadot,,,01/10/2026 04:08
1bf20e67-e270-4e78-ae06-96a0c4e4e42b,eyrie.kiwi,available,31.98,35.68,high,low,5,namecheap,,,
7c6b6455-ff19-4ed7-88a3-3f48c4f03fae,siberian.kiwi,available,31.98,35.68,high,low,8,namecheap,,,27/09/2026 21:41
3ab066e8-20a7-4611-8027-207c287649b4,unsavory.kiwi,available,31.98,35.68,medium,low,8,namecheap,,,14/08/2026 13:05
41b3f3af-ff2d-48d4-afc1-817d135842f6,urine.kiwi,available,31.98,35.68,high,low,5,namecheap,,,28/09/2026 02:54
35dad608-e8e2-4273-93f0-98159a0f5080,beck.kiwi,available,31.98,35.68,high,low,4,namecheap,,,22/09/2026 22:35
d1c1188e-52c4-493f-9541-dfeab7ab971f,iaa.kiwi,available,31.98,35.68,medium,low,3,namecheap,,,17/09/2026 07:22
49586d08-3543-463e-ba8a-e67a9ca28fd2,complaining.kiwi,available,21.72,21.72,high,low,11,dynadot,,,27/09/2026 17:47
f7557879-99b5-478c-ad20-23b930b966f5,oxford.kiwi,available,21.43,21.43,high,low,6,dynadot,,,30/09/2026 06:19
427dca96-546c-49f6-8079-c69be21bc049,heraldic.kiwi,available,31.98,35.68,medium,low,8,namecheap,,,21/08/2026 06:53
d10cc831-f4ca-4577-8d6a-1b3cdf7b6b5f,dangerous.kiwi,available,42.99,42.99,medium,low,9,name.com,,,13/08/2026 17:15
316d02e7-f75f-4950-a7e7-76fd7e11aa1e,swans.kiwi,available,21.41,21.41,medium,low,5,dynadot,,,01/10/2026 16:56
82dd7880-ace7-44ad-ac30-2c300be2b3ed,powder.kiwi,premium,41.6,41.6,high,low,6,namecheap,,,25/09/2026 23:00
8b4fb0d6-c3cc-48fe-80b5-f7dd77c30415,contiguous.kiwi,available,31.98,35.68,medium,low,10,namecheap,,,12/08/2026 23:11
42ef87ab-8a81-481c-afd4-60c272e03312,impatient.kiwi,available,31.98,35.68,medium,low,9,namecheap,,,21/08/2026 21:53
20a19a1d-85e0-4d14-acae-744f16185032,origin.kiwi,premium,61.1,61.1,high,low,6,namecheap,,,08/09/2026 13:23
320e4387-be47-46c8-9776-3a9dea1a8e31,acquiring.kiwi,available,31.98,35.68,high,low,9,namecheap,,,17/09/2026 02:42
54f1b087-d3ea-479f-bdc8-4c77ed0cbf36,musket.kiwi,available,21.41,21.41,high,low,6,dynadot,,,01/10/2026 20:57
99cf6b4f-dbf2-41c8-ac7a-85d1c8a3253d,prandial.kiwi,available,31.98,35.68,high,medium,8,namecheap,,,09/09/2026 01:04
cccd5abd-7435-40c0-8d67-3bea2d280fba,adventist.kiwi,available,31.98,35.68,high,low,9,namecheap,,,17/09/2026 10:33
8950a668-1a09-4562-8ce9-2ea1aa87bd11,baal.kiwi,available,31.98,35.68,high,low,4,namecheap,,,21/09/2026 12:05
0b676246-1fec-4916-893d-750c54dd46c0,shifting.kiwi,available,21.72,21.72,high,low,8,dynadot,,,27/09/2026 21:05
0177c036-5ad7-4f7a-b503-7a6cdcef19a1,sneezy.kiwi,available,31.98,35.68,high,medium,6,namecheap,,,10/09/2026 12:34
48e188a9-dfe9-4476-aac2-8622a445fc67,defensive.kiwi,available,31.98,35.68,high,low,9,namecheap,,,13/08/2026 23:15
604ecb14-e23a-46bc-89d2-a68e7de4a094,meade.kiwi,available,31.98,35.68,high,low,5,namecheap,,,27/09/2026 04:12
64e79706-5834-4366-a856-368c21d15fe5,brevard.kiwi,available,31.98,35.68,medium,low,7,namecheap,,,01/10/2026 11:57
6843d2ee-fd8a-4adf-b303-1345fbcbd5b8,donaldson.kiwi,available,31.98,35.68,medium,low,9,namecheap,,,27/09/2026 01:45
d21c6820-0b2f-4c63-b35f-332785f0c3fc,ipad.kiwi,available,21.41,21.41,high,high,4,dynadot,,,01/10/2026 07:22
2eaea626-8acd-49f0-a98d-a2b77596f6c3,monuments.kiwi,available,31.98,35.68,medium,low,9,namecheap,,,30/09/2026 15:18
4c797cc2-08d7-42cb-9527-05b00e58ef9d,indexical.kiwi,available,31.98,35.68,high,low,9,namecheap,,,22/08/2026 02:53
1e820582-8699-4136-89da-07b7b357649c,heighten.kiwi,available,31.98,35.68,high,low,8,namecheap,,,12/08/2026 19:31
7a175788-70e8-4077-91d7-bcb50a2e44ba,mundane.kiwi,available,31.98,35.68,high,low,7,namecheap,,,17/08/2026 14:55
62e55c2f-05c8-4254-9091-a6902d98dfec,gestapo.kiwi,available,31.98,35.68,medium,low,7,namecheap,,,29/09/2026 12:44
4943b0f2-9662-406b-a14f-1c697adf5aca,marin.kiwi,available,31.98,35.68,high,low,5,namecheap,,,25/09/2026 15:45
448074d4-f484-4427-bdab-377de2adfcd7,anomic.kiwi,available,31.98,35.68,medium,low,6,namecheap,,,
2c9e687b-4d20-4528-a098-f7b9608f749f,assiduous.kiwi,available,31.98,35.68,medium,low,9,namecheap,,,07/08/2026 06:09
dfaaeb79-1969-4696-8364-84904c5c41df,mattresses.kiwi,available,31.98,35.68,medium,low,10,namecheap,,,20/09/2026 14:45
5e31f526-54b4-412b-a622-3670b3e3f376,situated.kiwi,available,31.98,35.68,medium,low,8,namecheap,,,25/09/2026 14:16
c463c271-c416-456a-9045-b6a59537f41f,feet.kiwi,available,35.68,,high,low,4,namecheap,,,
0b118b99-27ba-4d26-a92f-f1d23353a741,yosef.kiwi,available,21.43,21.43,medium,low,5,dynadot,,,30/09/2026 22:02
ecaf4386-4a23-4a73-a42d-cbb38520fda8,receipts.kiwi,available,21.43,21.43,high,low,8,dynadot,,,30/09/2026 09:17
abc26db2-b2f6-4951-be1d-5e3c4199d902,adansonia.kiwi,available,31.98,35.68,medium,low,9,namecheap,,,17/09/2026 06:21
7e573081-5c88-41fc-9fbf-4186e4d9344e,winsome.kiwi,available,31.98,35.68,high,low,7,namecheap,,,13/09/2026 12:37
b2dfd987-0b16-44a4-8abc-1fd9a06df1e3,toupeed.kiwi,available,31.98,35.68,low,low,7,namecheap,,,11/09/2026 18:18
d3348ab5-49c2-44c5-8a03-831c30681654,eonian.kiwi,available,31.98,35.68,medium,low,6,namecheap,,,
18df2ef4-3dd4-4fae-9655-41e486f8c41d,luzon.kiwi,available,31.98,35.68,high,low,5,namecheap,,,27/09/2026 14:53
bb58592c-b4d8-4fe0-8946-70d6ed1412ba,alps.kiwi,available,31.98,35.68,high,low,4,namecheap,,,18/09/2026 14:12
c1aedb41-3867-4b1f-b37e-7f0b7c8cedef,humbert.kiwi,available,21.41,21.41,medium,low,7,dynadot,,,02/10/2026 00:25
8929c990-4be9-4cb2-876c-9fe6bf66a346,improbably.kiwi,available,31.98,35.68,medium,low,10,namecheap,,,15/09/2026 02:27
1e18753e-0ca9-47a7-b3de-00c7cecd4d22,positivist.kiwi,available,31.98,35.68,medium,low,10,namecheap,,,09/09/2026 00:12
6be9c000-995f-4a6d-ad2b-b08bf740fc25,pucka.kiwi,available,31.98,35.68,high,low,5,namecheap,,,09/09/2026 05:26
2172ae0a-130a-433c-8244-4b22bde9c0de,takeout.kiwi,available,31.98,35.68,high,low,8,namecheap,,,19/09/2026 06:56
bd6ed7cd-92bc-42ef-900b-f2da8cf89211,stoical.kiwi,available,31.98,35.68,medium,low,7,namecheap,,,10/09/2026 20:59
f00d14a9-0384-47ea-a18e-9337f3b60c51,vines.kiwi,available,31.98,35.68,medium,low,5,namecheap,,,29/09/2026 23:04
4de7feea-c6ed-4969-ac1f-5e41b6c7b967,ellis.kiwi,available,31.98,35.68,high,low,5,namecheap,,,25/09/2026 20:56
bcf62849-25b3-4644-853e-b09e2b65ef00,mgm.kiwi,available,42.99,42.99,high,low,3,name.com,,,25/09/2026 13:30
b207ab05-8674-41aa-85f8-ec699e15ab3d,differently.kiwi,available,31.98,35.68,medium,low,11,namecheap,,,26/09/2026 03:11
8c1bbc8a-74af-45e4-83d5-06cd6136a346,vermillion.kiwi,available,31.98,35.68,high,low,10,namecheap,,,12/08/2026 05:47
57869ee9-1e45-44a1-95a9-90b90ce3d951,peafowl.kiwi,available,31.98,35.68,high,low,7,namecheap,,,23/09/2026 20:05
08f49b25-7f94-44ba-8e98-28153c5983cb,affirmative.kiwi,available,31.98,35.68,high,low,11,namecheap,,,30/09/2026 22:02
0bc790ce-3187-4ef9-966c-ce430784d7cc,nipple.kiwi,available,39.99,39.99,high,low,6,godaddy,,,30/09/2026 02:11
0e7c10ef-0932-4ce5-8bee-66f34053e8e6,agnes.kiwi,available,31.98,35.68,high,low,5,namecheap,,,25/09/2026 14:30
78e291bf-f682-4256-ba54-6bbe80bc05b4,malabar.kiwi,available,21.52,21.52,high,low,7,dynadot,,,29/09/2026 09:09
edc613ca-81b8-4855-ba7b-306a29028606,archery.kiwi,available,31.98,35.68,high,low,7,namecheap,,,20/09/2026 02:00
0394dee9-62d4-4d39-af24-e47e9d668dd5,ethyne.kiwi,available,31.98,35.68,medium,low,6,namecheap,,,17/09/2026 00:23
9f87ed03-c6de-43d0-a310-d55af6bee55b,runabout.kiwi,available,35.68,,medium,low,9,namecheap,,,
ed7a4c28-123a-442f-b4ba-8bc35734ff70,lakota.kiwi,available,21.52,21.52,high,low,6,dynadot,,,29/09/2026 13:15
11ddb868-19c1-46ba-8030-4fa41ce2679e,prelude.kiwi,available,21.43,21.43,high,low,7,dynadot,,,30/09/2026 10:52
e29581f8-d29d-4f9a-b967-97d5cf4a515f,aorist.kiwi,available,31.98,35.68,medium,low,6,namecheap,,,19/09/2026 16:03
95bf5af1-db8d-451c-b87a-bd447cde8459,someway.kiwi,available,31.98,35.68,medium,low,7,namecheap,,,15/09/2026 06:46
5223f341-e429-4acc-90e8-f231e0ff3704,cages.kiwi,available,31.98,35.68,medium,low,5,namecheap,,,30/09/2026 07:45
05f58bd7-4357-48cb-9bbb-815d81532cbc,historian.kiwi,available,21.52,21.52,high,low,9,dynadot,,,29/09/2026 13:03
2bf5401d-bba9-454a-bf87-436507e3be8c,badmouth.kiwi,available,31.98,35.68,medium,low,8,namecheap,,,24/08/2026 14:04
c8e36d30-ed08-4131-913c-f290f2350903,neon.kiwi,available,31.98,35.68,high,medium,4,namecheap,,,20/09/2026 21:55
17989d54-bbad-4546-b55b-d18f28154644,vendors.kiwi,premium,81.9,81.9,medium,low,7,namecheap,,,20/09/2026 22:00
3fb069e7-b88f-4553-aab4-680b691976a9,scan.kiwi,premium,155.72,155.72,high,medium,4,dynadot,,,29/09/2026 07:40
41cddc6b-3af4-48d9-badb-7d58edab9356,montclair.kiwi,available,21.52,21.52,medium,low,9,dynadot,,,29/09/2026 04:37
2ccf7e3b-2bc5-4447-a929-3c795720ecf8,clone.kiwi,available,31.98,35.68,high,low,5,namecheap,,,24/09/2026 15:51
88432fe6-0aa6-4b95-b6ec-8fe23ce8df98,belt.kiwi,available,31.98,35.68,high,low,4,namecheap,,,28/09/2026 13:21
e89dac8e-ee97-404a-b73c-2865513341b9,dahl.kiwi,available,31.98,35.68,high,low,4,namecheap,,,28/09/2026 09:14
de5d8b12-995b-4aec-84ec-dbba19be199b,names.kiwi,available,31.98,35.68,high,low,5,namecheap,,,25/09/2026 09:32
fdd6ebf2-a42e-4fea-bc78-1cbdcb227e0a,composed.kiwi,available,31.98,35.68,high,low,8,namecheap,,,23/09/2026 17:50
d8cf5dd9-e35f-4f98-89bb-4958f2f9db8a,antitoxin.kiwi,available,31.98,35.68,medium,low,9,namecheap,,,19/09/2026 15:12
596a41aa-0fe5-47ca-856a-9f3a4ad3955e,engorge.kiwi,available,42.99,42.99,medium,low,7,name.com,,,23/09/2026 17:25
7e916c8b-a803-4dbf-907d-ff9c17f2a84f,crawling.kiwi,available,31.98,35.68,medium,low,8,namecheap,,,28/09/2026 05:30
f111e81e-ffa8-40d9-96fd-3ef69f590598,coffeehousing.kiwi,available,31.98,35.68,medium,low,13,namecheap,,,20/09/2026 21:09
d6031588-e788-4715-8dba-39e8c217e8b8,wizards.kiwi,premium,78,78,high,low,7,namecheap,,,02/10/2026 03:40
40362cc7-d051-4fa9-b070-26535db81ae8,sufism.kiwi,available,31.98,35.68,high,low,6,namecheap,,,01/10/2026 21:54
bc2124b6-0ad7-42f0-bde2-82ac594b9a53,aspiration.kiwi,available,31.98,35.68,high,low,10,namecheap,,,18/09/2026 16:53
9954de18-5637-403e-a6fe-3611777d2112,molecular.kiwi,available,31.98,35.68,high,low,9,namecheap,,,25/08/2026 03:53
ede08d87-884f-44dd-aa09-495182b168b0,acanthurus.kiwi,available,31.98,35.68,medium,low,10,namecheap,,,16/09/2026 20:58
205363d2-b45e-468d-a66a-5b4992316b15,biochemist.kiwi,available,31.98,35.68,high,low,10,namecheap,,,23/09/2026 17:44
6bc52d8c-fc79-4a29-8504-89370d183abc,gipsy.kiwi,available,31.98,35.68,high,low,5,namecheap,,,10/08/2026 17:23
d813397d-e697-426f-81da-b8789688b99e,patrol.kiwi,available,31.98,35.68,high,low,6,namecheap,,,25/09/2026 23:57
e4b141bb-7464-46c7-8ca2-96707b6c9085,thundery.kiwi,available,42.99,42.99,medium,low,8,name.com,,,13/08/2026 19:58
125feb10-dc9b-4558-bae7-777fb312015a,laterally.kiwi,available,31.98,35.68,medium,low,9,namecheap,,,15/09/2026 10:56
ad7148ee-81e4-4cf4-8542-275955345f29,enthusiastic.kiwi,available,21.47,21.47,high,low,12,dynadot,,,28/09/2026 11:14
1bede533-047c-482e-89e7-b5b43f7c7bd2,drinker.kiwi,available,31.98,35.68,high,low,7,namecheap,,,01/10/2026 01:48
033de2c2-fe76-4e82-a6b7-f121225d67ea,preventing.kiwi,available,21.43,21.43,medium,low,10,dynadot,,,30/09/2026 06:24
32ce68d0-cf42-419c-9611-7254f08bfe1e,formulate.kiwi,available,31.98,35.68,high,low,9,namecheap,,,30/09/2026 16:59
e25d9469-9cf7-42b3-b7a0-7634d1be1b55,nadia.kiwi,available,21.47,21.47,high,low,5,dynadot,,,28/09/2026 22:03
ce10ae51-dc68-4916-b251-eca0bcdb82b1,wellness.kiwi,premium,78,78,high,medium,8,namecheap,,,01/10/2026 18:55
ff1fd3db-d6a8-49ba-a1a7-75b8f697db2e,barring.kiwi,available,31.98,35.68,medium,low,7,namecheap,,,29/09/2026 01:15
21cea0ce-3200-44fc-b2f4-04799dda33e6,patio.kiwi,premium,61.1,61.1,high,low,5,namecheap,,,29/09/2026 13:40
6d780b76-0abd-46e3-85a8-56bbe1f311de,evermore.kiwi,available,31.98,35.68,high,low,8,namecheap,,,14/09/2026 16:19
6e19e8fc-383b-44ae-922e-e3065be900d1,justices.kiwi,available,31.98,35.68,medium,low,8,namecheap,,,20/09/2026 11:20
dc4e1c12-5ba6-4603-9a90-b5ad662b7dd1,optimism.kiwi,available,21.52,21.52,high,low,8,dynadot,,,29/09/2026 07:46
7eb5618b-dc0f-4ed7-a755-ded935185e0b,immorality.kiwi,available,31.98,35.68,medium,low,10,namecheap,,,17/08/2026 15:04
73ba765e-55c3-4e66-a894-f2c98c6dc8f4,funicular.kiwi,available,31.98,35.68,medium,low,9,namecheap,,,18/08/2026 18:41
0bdb667e-dc3b-42e7-a3dc-ec560517cf9f,deviant.kiwi,available,31.98,35.68,high,low,7,namecheap,,,
14cdaa20-c472-4f8c-8f4d-f0a6b8702227,catalog.kiwi,available,31.98,35.68,high,low,7,namecheap,,,24/09/2026 13:07
a05bdb4d-cd94-4c0b-8410-44f6e7370377,liaoning.kiwi,available,31.98,35.68,medium,low,8,namecheap,,,30/09/2026 13:11
2870a6f2-4854-4c74-b2ad-260c12eba71d,artful.kiwi,available,31.98,35.68,high,low,6,namecheap,,,06/08/2026 22:44
d737d040-41c2-420a-8f82-67ca424b7d45,wegener.kiwi,available,31.98,35.68,medium,low,7,namecheap,,,18/09/2026 06:39
3de76a57-4d53-409a-812e-5fa3cd36a437,munich.kiwi,available,21.43,21.43,high,low,6,dynadot,,,30/09/2026 05:22
3cf81917-dc3a-4468-8971-c452d807d0b8,giants.kiwi,available,21.47,21.47,high,medium,6,dynadot,,,28/09/2026 13:23
faae1da8-c652-4d90-885d-d55e543a2852,bantu.kiwi,available,31.98,35.68,medium,low,5,namecheap,,,08/08/2026 14:50
1ea449a9-74b4-4747-a78b-65e18a7168d7,scruffy.kiwi,available,31.98,35.68,medium,low,7,namecheap,,,10/09/2026 00:25
fa049791-79e4-4d9c-b4c2-c4d09ff7bdfb,taurus.kiwi,premium,61.1,61.1,high,low,6,namecheap,,,19/09/2026 04:39
277a5f48-6f5b-45b9-958c-3227fd3b64bf,goddess.kiwi,premium,47.15,47.15,high,low,7,dynadot,,,27/09/2026 13:50
334652c2-b42c-448a-a506-3b0390540e3d,montevideo.kiwi,available,31.98,35.68,high,low,10,namecheap,,,24/09/2026 12:30
6b1d120c-8cac-4f57-ae14-22438fa2b7da,antler.kiwi,available,31.98,35.68,medium,low,6,namecheap,,,19/09/2026 15:20
87f82854-7672-49bf-8f1b-b6319f9cbc3f,surrendered.kiwi,available,21.52,21.52,low,low,11,dynadot,,,29/09/2026 05:38
d3b8e5c0-168a-478f-97eb-71526f3e75be,acids.kiwi,available,35.68,,medium,low,5,namecheap,,,
20950356-dcfb-42b7-beee-ad9faecd5296,weaponry.kiwi,available,31.98,35.68,medium,low,8,namecheap,,,20/09/2026 07:43
0a9959fd-b037-47b0-a115-a686f7895d6b,panipat.kiwi,available,31.98,35.68,medium,low,7,namecheap,,,22/09/2026 15:36
a4211035-7f60-49e6-bd08-5399e67a38fb,playdate.kiwi,available,35.68,,high,low,9,namecheap,,,
caa4acf8-9f9c-4ac5-86e7-ab77a73d5a22,rupicolous.kiwi,available,31.98,35.68,medium,low,10,namecheap,,,09/09/2026 19:41
e3c4530b-709c-47e0-9ccf-014db86db07b,resister.kiwi,available,42.99,42.99,medium,low,8,name.com,,,17/09/2026 10:48
42fbeb01-c8da-4974-a2a8-ed43bfb0b1aa,diplomat.kiwi,available,21.52,21.52,high,low,8,dynadot,,,29/09/2026 15:06
d7dc101f-18b1-4452-b390-a1625f9e4b2b,auditory.kiwi,available,31.98,35.68,high,low,8,namecheap,,,22/09/2026 12:39
c6614078-ddbd-4383-8cb8-b8610cc5482c,enclothe.kiwi,available,31.98,35.68,medium,low,8,namecheap,,,19/09/2026 19:54
5edf5fbc-4501-49f9-a5f2-797520cd9eb5,weimar.kiwi,available,,,high,low,6,,,,26/09/2026 00:31
4dcc8bc1-ef97-4142-8af4-6d1649daeb84,britten.kiwi,available,31.98,35.68,medium,low,7,namecheap,,,23/09/2026 08:15
5bc7dbd8-e7e5-45c6-b237-30dcc5de2c70,soft.kiwi,available,31.98,35.68,high,low,4,namecheap,,,01/10/2026 04:04
1a0e5149-cd2f-4a06-902e-02e3ecd939c0,abstractly.kiwi,available,31.98,35.68,medium,low,10,namecheap,,,13/09/2026 16:42
e77869ca-aff3-40e5-a9ac-42b6c2c0f7d7,brandy.kiwi,premium,61.1,61.1,high,low,6,namecheap,,,24/09/2026 08:12
6c89578f-c695-4b50-8c73-37d61ee5a022,canby.kiwi,available,21.43,21.43,medium,low,5,dynadot,,,30/09/2026 14:04
41f5d809-91c7-4596-9d57-07d8b7342a2f,meant.kiwi,available,42.99,42.99,medium,low,5,name.com,,,25/09/2026 16:51
11a29821-027b-4fab-ac53-00069147f457,influenza.kiwi,available,39.99,39.99,medium,low,9,godaddy,,,30/09/2026 01:39
7dfa9b7f-7bc0-402b-a6f6-4d6c39a747b5,tress.kiwi,available,31.98,35.68,medium,low,5,namecheap,,,24/09/2026 07:57
9052f503-5582-455c-8c63-3783e9447eaa,mendicant.kiwi,available,31.98,35.68,medium,low,9,namecheap,,,24/08/2026 20:08
f5ee7f50-a708-4ab7-8b4a-f888630c6119,whence.kiwi,available,31.98,35.68,medium,low,6,namecheap,,,16/09/2026 11:28
aad405c5-370a-46ed-aaee-be873766e2bd,gnomish.kiwi,available,31.98,35.68,medium,low,7,namecheap,,,20/08/2026 15:45
474a039b-2b07-467b-b318-c6b623ef6dcc,ashtoreth.kiwi,available,31.98,35.68,medium,low,9,namecheap,,,20/09/2026 14:02
8d15cde6-f117-4734-88a9-0396ed862a2b,explaining.kiwi,available,21.72,21.72,high,low,10,dynadot,,,27/09/2026 22:18
4264b13c-9e1b-4b71-a567-7822229d54e9,razorback.kiwi,available,31.98,35.68,high,low,9,namecheap,,,09/09/2026 10:48
3d354446-68df-4d78-85d9-cbd6758a941c,hbo.kiwi,available,35.68,,high,medium,3,namecheap,,,
53f32941-e06b-4a70-835e-23fb19e5c033,arbitrary.kiwi,available,31.98,35.68,high,low,9,namecheap,,,06/08/2026 12:54
8373e65b-da58-416b-b75d-cf827235fa3d,endocrinal.kiwi,available,31.98,35.68,medium,low,10,namecheap,,,17/08/2026 01:02
f1ef8e1d-d080-4839-8557-3878bc65c2ec,presiding.kiwi,available,21.52,21.52,medium,low,9,dynadot,,,29/09/2026 16:06
b688eac7-640e-4118-b1a8-a5d8576b8632,suspects.kiwi,available,31.98,35.68,medium,low,8,namecheap,,,27/09/2026 03:17
4524e277-7495-47ae-b2fe-637f175d1bea,getable.kiwi,available,31.98,35.68,medium,low,7,namecheap,,,18/08/2026 23:04
2b1f2fdd-fc10-414e-b319-45d7a521f8b1,monger.kiwi,available,31.98,35.68,medium,low,6,namecheap,,,22/09/2026 05:36
42c6150b-77c9-419f-a94c-8c276a5f7515,pew.kiwi,available,21.28,21.28,high,low,3,dynadot,,,02/10/2026 04:22
9954c520-8fa7-4ea8-a970-e3b3735296be,assemblages.kiwi,available,21.52,21.52,medium,low,11,dynadot,,,29/09/2026 05:48
2c2019b2-9892-4291-b4bd-67374de39126,designs.kiwi,premium,46.53,46.53,high,low,7,dynadot,,,30/09/2026 20:49
3330ee4d-931c-446c-9799-cf53e7d59e17,concentrated.kiwi,premium,41.6,41.6,high,low,12,namecheap,,,01/10/2026 09:43
0b2fb677-2c91-4e43-9e82-62398ca3db14,cebu.kiwi,available,21.47,21.47,medium,low,4,dynadot,,,28/09/2026 18:38
25c2cdfe-18fa-429a-88a8-5a6257342bfc,kingsley.kiwi,available,21.72,21.72,medium,low,8,dynadot,,,27/09/2026 20:56
c5df5835-8f57-4dde-a052-8d0b6d3fbb46,short.kiwi,available,31.98,35.68,high,medium,5,namecheap,,,24/09/2026 04:44
108f118d-b458-48e5-a961-9a30d528a35e,constantin.kiwi,available,21.52,21.52,high,low,10,dynadot,,,29/09/2026 09:43
606e74f0-ab08-4abf-b9f6-c5a218c4d954,calhoun.kiwi,available,31.98,35.68,high,low,7,namecheap,,,27/09/2026 03:19
8c157a59-5dcc-457e-8971-7a36c816c1b0,pregnant.kiwi,available,42.99,42.99,high,low,8,name.com,,,25/09/2026 18:23
5efe195b-fea3-431e-984a-ebd66574c3a5,agrees.kiwi,available,31.98,35.68,medium,low,6,namecheap,,,28/09/2026 12:39
506b8f13-dc28-4d27-b4e9-abc5ad1437d5,deng.kiwi,available,31.98,35.68,high,low,4,namecheap,,,27/09/2026 20:32
8ed61471-eaee-4763-b9fa-fd5449c1c9d7,bothered.kiwi,available,31.98,35.68,medium,low,8,namecheap,,,23/09/2026 01:08
61a27201-c18e-40b5-98c2-b1c7f4fa8b8d,attract.kiwi,available,21.43,21.43,high,low,7,dynadot,,,30/09/2026 15:30
2840bf5a-d28e-4f5d-92dd-a810ba8269fc,verpa.kiwi,available,42.99,42.99,medium,low,5,name.com,,,23/09/2026 05:34
e9de5e87-e341-4313-aec2-9f8e40f84360,grapes.kiwi,available,31.98,35.68,high,low,6,namecheap,,,28/09/2026 12:35
be3517fc-705b-48e6-b590-ee929387116e,spheric.kiwi,available,31.98,35.68,medium,low,7,namecheap,,,08/08/2026 10:16
d2c2003c-b644-49f4-9047-6b91b6302b86,informed.kiwi,available,31.98,35.68,high,low,8,namecheap,,,25/09/2026 09:34
082bd0f5-38c6-4d7d-b124-62eef8865c83,generate.kiwi,available,21.47,21.47,high,low,8,dynadot,,,28/09/2026 19:12
92abda33-89c9-4097-96ba-eb3af864b4fd,ingrid.kiwi,available,21.47,21.47,medium,low,6,dynadot,,,28/09/2026 16:32
cbec8452-f97c-43f8-a68e-49767107a734,unspoiled.kiwi,available,31.98,35.68,high,low,9,namecheap,,,12/09/2026 07:08
d59265b4-d7fb-4781-bc42-49caecac8496,axile.kiwi,available,31.98,35.68,medium,low,5,namecheap,,,08/08/2026 01:56
7f01c759-2883-4309-a635-4e02a5ee2afb,snidely.kiwi,available,31.98,35.68,medium,low,7,namecheap,,,16/09/2026 03:18
ffb62809-1c4b-4d1a-96a7-549cfc5afe40,camacho.kiwi,available,31.98,35.68,high,low,7,namecheap,,,01/10/2026 10:54
5042e89a-a345-4397-bcee-d96e56b64d1f,vaccination.kiwi,available,35.68,,high,low,11,namecheap,,,
0285ec99-7c8b-4968-9d86-ad11174d82da,giraffe.kiwi,available,31.98,35.68,high,low,7,namecheap,,,29/09/2026 05:59
d29186de-3be8-46ae-835a-79ac1c8872af,amaranthus.kiwi,available,31.98,35.68,medium,low,10,namecheap,,,18/09/2026 15:51
b77b2801-f596-47b3-9fa2-aad386e5ebc9,breakfasts.kiwi,premium,61.1,61.1,medium,low,10,namecheap,,,20/09/2026 13:21
14009235-c7f5-4c7f-9ba2-1202a00d50f3,getaways.kiwi,premium,41.6,41.6,medium,low,8,namecheap,,,20/09/2026 18:37
6d4213c5-2383-4f8a-b3ad-419707af84d8,amo.kiwi,available,21.41,21.41,high,low,3,dynadot,,,01/10/2026 23:39
7de1bda6-1bb1-4d50-ae38-6d0b2c776a40,irrational.kiwi,available,31.98,35.68,high,low,10,namecheap,,,25/09/2026 11:23
92743889-f399-4202-9521-d6c3fa592ae3,aquinas.kiwi,available,31.98,35.68,medium,low,7,namecheap,,,19/09/2026 23:16
9613c113-395f-42d8-a31f-eee4db524e54,nympho.kiwi,available,31.98,35.68,medium,low,6,namecheap,,,03/09/2026 23:18
5c0c5c6f-92e8-4876-9d92-64dd0eb07d3f,part.kiwi,available,31.98,35.68,high,low,4,namecheap,,,15/09/2026 19:03
aa362984-5c18-46e5-b541-5d339a3d5c95,other.kiwi,available,35.68,,high,low,5,namecheap,,,26/09/2026 00:34
5c903555-779f-434a-88e1-836a44ee2ad0,palpable.kiwi,available,31.98,35.68,high,low,8,namecheap,,,05/09/2026 00:07
087f141d-f4e4-47ff-a4e1-029429d82890,montane.kiwi,available,31.98,35.68,medium,low,7,namecheap,,,25/08/2026 05:41
6ba4adfc-ede9-4280-aaac-e70ffa3cb8d9,moron.kiwi,available,31.98,35.68,medium,low,5,namecheap,,,21/08/2026 20:28
fde6653b-8b29-4a39-9cea-65209ba1a9a4,humanistic.kiwi,available,31.98,35.68,high,low,10,namecheap,,,21/08/2026 14:53
e67e1b4c-1ee4-4e4a-bc9c-be91f01535cd,acropolis.kiwi,available,31.98,35.68,high,low,9,namecheap,,,17/09/2026 03:57
b44da861-96d2-4065-a4ce-976cb9e7eccc,agony.kiwi,available,31.98,35.68,medium,low,5,namecheap,,,11/09/2026 01:10
f0d27bbf-0d20-4a68-bb63-0bafd0c36f54,rings.kiwi,premium,61.1,61.1,high,low,5,namecheap,,,25/09/2026 10:24
b1b55c4b-94b3-46d0-bad9-029c57389b88,appetizer.kiwi,available,31.98,35.68,high,low,9,namecheap,,,19/09/2026 20:45
98350868-7a12-419c-97c3-2aa8f69bc1a8,groovy.kiwi,premium,40.3,40.3,high,low,6,namecheap,,,08/08/2026 12:35
d57d5da8-80ec-4862-80dc-777ccef4fb62,plot.kiwi,available,31.98,35.68,high,low,4,namecheap,,,24/09/2026 22:09
85cf71d5-b2ff-4c37-af4b-6447a1bf4bb5,barrage.kiwi,available,31.98,35.68,medium,low,7,namecheap,,,22/09/2026 07:57
4d354ae6-0d21-4c81-a461-298c0a63d2bf,rancor.kiwi,available,31.98,35.68,medium,low,6,namecheap,,,23/09/2026 23:05
496f6716-5bd4-4824-bc27-4e02cd95de22,armoury.kiwi,available,31.98,35.68,medium,low,7,namecheap,,,20/09/2026 07:33
e534159e-7196-4bc2-a2c3-ff52a166ee3e,amicably.kiwi,available,31.98,35.68,high,low,8,namecheap,,,13/09/2026 19:29
3fc61a26-1501-46b5-9554-c12fd481861b,percival.kiwi,available,31.98,35.68,high,low,8,namecheap,,,28/09/2026 16:27
fe745cd4-4e59-4222-a20b-fbd9161e7800,moldable.kiwi,available,31.98,35.68,medium,low,8,namecheap,,,25/08/2026 03:42
621b1e4f-6f26-4c06-ab86-0a0300f5cb40,cheaper.kiwi,available,21.47,21.47,low,low,7,dynadot,,,28/09/2026 08:27
ca744717-f70f-4e78-8646-f601c4d2fc82,throats.kiwi,available,31.98,35.68,medium,low,7,namecheap,,,20/09/2026 08:21
5e235297-8d27-493a-a89e-dff8992ee1c6,unwell.kiwi,available,31.98,35.68,medium,low,6,namecheap,,,
eeeef509-024c-4858-bbfc-1723f3fbe2e6,strawberries.kiwi,premium,31.14,31.14,medium,low,12,dynadot,,,29/09/2026 23:41
b839e374-d5a7-4531-8188-b9ca3008864b,enhancement.kiwi,available,21.43,21.43,high,low,11,dynadot,,,30/09/2026 23:26
92edfb01-d0a1-45e5-8ad5-601f1669504a,fuzzed.kiwi,available,31.98,35.68,medium,low,6,namecheap,,,18/08/2026 19:20
66be6f1e-a088-4213-89a4-9d7ac9e358c0,saleable.kiwi,available,31.98,35.68,high,medium,8,namecheap,,,09/09/2026 20:51
c36122f9-6dca-4e5e-92f3-68c729c60b7a,chrysler.kiwi,available,21.43,21.43,high,medium,8,dynadot,,,30/09/2026 12:34
2c9bc4d0-e572-469e-9924-bd105ae47831,feed.kiwi,available,42.99,42.99,high,low,4,name.com,,,25/09/2026 05:56
e8c327b4-2151-4c22-af22-85eb6e67ff6b,diaphanous.kiwi,available,31.98,35.68,medium,low,10,namecheap,,,12/08/2026 14:26
3a9e7f04-b628-4519-97c8-21fdab781b3d,werewolf.kiwi,available,31.98,35.68,high,low,8,namecheap,,,01/10/2026 20:23
5a036b05-018e-4cef-a2d5-4c67a66f90af,tailed.kiwi,available,31.98,35.68,medium,low,6,namecheap,,,11/09/2026 07:08
cc4c9258-1635-46e6-8346-4d17e1dbad85,triangle.kiwi,available,21.47,21.47,high,low,8,dynadot,,,28/09/2026 09:33
28142c53-c4f9-4549-9579-ea38fd2f1ec3,unfathomed.kiwi,available,31.98,35.68,medium,low,10,namecheap,,,12/09/2026 09:57
f4f41e3d-84d5-4b48-b8aa-d6b687799e41,description.kiwi,available,35.68,,high,low,11,namecheap,,,
c6ac5f61-978d-4c28-ad6a-ccf6a01d60b7,habits.kiwi,available,31.98,35.68,medium,low,6,namecheap,,,28/09/2026 04:46
f17fbddd-c4a6-4615-8561-6117164b8c5f,roxy.kiwi,available,31.98,35.68,high,low,4,namecheap,,,01/10/2026 07:50
d849983e-ec08-4499-89b3-7bf086a77a1b,underived.kiwi,available,31.98,35.68,medium,low,9,namecheap,,,12/09/2026 07:29
4449f665-dd0e-4d22-ad18-64f73e8994e5,antipodal.kiwi,available,31.98,35.68,medium,low,9,namecheap,,,
1c67dd16-afd1-4825-82a4-8533521d49b9,joyously.kiwi,available,31.98,35.68,high,low,8,namecheap,,,14/09/2026 21:30
5041d40a-1ee6-46e3-81e7-496e233c5572,inaccessible.kiwi,available,31.98,35.68,medium,low,12,namecheap,,,01/10/2026 22:45
4c0cb5fb-5098-4b10-badc-8bc7f2d71c3b,bakersfield.kiwi,available,21.41,21.41,medium,low,11,dynadot,,,02/10/2026 00:41
a014fd8c-5631-4d66-a281-ebfe9669f8ee,recently.kiwi,available,21.47,21.47,medium,low,8,dynadot,,,28/09/2026 16:05
cde6e6c6-64d9-4c89-b4bb-c134d7b932f2,acerbity.kiwi,available,31.98,35.68,medium,low,8,namecheap,,,16/09/2026 23:41
79ac9e73-f198-4c7c-902d-d65bdc5ba017,aspinwall.kiwi,available,42.99,42.99,medium,low,9,name.com,,,20/09/2026 15:18
e84ffb01-5b85-473c-9d6a-53762d917804,goit.kiwi,available,31.98,35.68,high,low,5,namecheap,,,17/09/2026 17:43
e1dee0e2-e8be-4c4a-ab12-060e430af250,ore.kiwi,available,31.98,35.68,high,low,3,namecheap,,,30/09/2026 02:25
57970f5a-7a3c-4fbe-8f3e-d2fa0f172649,parous.kiwi,available,31.98,35.68,medium,low,6,namecheap,,,08/09/2026 01:52
c0681b4f-1a60-4a9f-a9e7-6d5dff88c748,mosquitoes.kiwi,available,31.98,35.68,low,low,10,namecheap,,,18/09/2026 14:22
c02e6e0b-cdb9-493b-9884-ef73bc58b1ea,neurosurgery.kiwi,available,21.28,21.28,high,low,12,dynadot,,,02/10/2026 02:09
b2a905e1-4cbc-4fe8-a1c7-44205806a577,telugu.kiwi,available,31.98,35.68,high,low,6,namecheap,,,29/09/2026 20:30
77fb716a-0547-4c89-84f6-0ee761cadb69,acolyte.kiwi,available,31.98,35.68,high,low,7,namecheap,,,17/09/2026 02:00
1703337d-31fd-43f4-b3e8-188e79660741,disassemble.kiwi,available,21.41,21.41,high,low,11,dynadot,,,01/10/2026 23:52
2e15ccd9-a94d-40c3-85ee-d8c32789eb88,simone.kiwi,available,31.98,35.68,high,low,6,namecheap,,,27/09/2026 07:19
6014bfec-fdc1-47a6-95b3-e25a6ac5b931,organ.kiwi,available,21.52,21.52,high,low,5,dynadot,,,29/09/2026 17:54
b9048806-4a2e-44f0-a8c5-3477cdd284eb,disruptive.kiwi,available,21.47,21.47,medium,low,10,dynadot,,,28/09/2026 07:50
8acd82d8-29fd-49f4-9639-d85e4a4bc210,insurgents.kiwi,available,21.41,21.41,low,low,10,dynadot,,,01/10/2026 15:26
f4c04055-300c-4587-a593-9ff67f497b90,sister.kiwi,available,31.98,35.68,high,low,6,namecheap,,,26/09/2026 00:18
93d1acd7-f4c3-48a4-ad1f-cb5e5df58589,instal.kiwi,available,21.43,21.43,high,low,6,dynadot,,,30/09/2026 20:23
989ccd0a-7767-44b4-b5d5-e1f21c00027a,examiner.kiwi,premium,202.8,202.8,medium,low,8,namecheap,,,28/09/2026 14:05
1e55ea8c-6a88-4363-8177-75195609d7fb,airpost.kiwi,available,31.98,35.68,medium,low,7,namecheap,,,17/09/2026 23:19
efbc529b-81b6-41ee-8475-e743e65ab0fe,textbooks.kiwi,premium,81.9,81.9,medium,low,9,namecheap,,,30/09/2026 16:14
ca3f3c0c-1d04-4fa0-bafe-6f5c5aafa46b,actinic.kiwi,available,31.98,35.68,medium,low,7,namecheap,,,
7f42dc99-7bbd-4b25-86ed-4cc72fabcbb2,explicitly.kiwi,available,31.98,35.68,medium,low,10,namecheap,,,14/09/2026 17:07
30c570f6-0562-40d0-847e-8bf4c00ac60d,spoiled.kiwi,available,31.98,35.68,medium,low,7,namecheap,,,10/09/2026 16:20
6c54bdc1-b437-44d1-a060-2bfad3c6ab5c,haywood.kiwi,available,31.98,35.68,medium,low,7,namecheap,,,23/09/2026 14:07
f2c17084-2ca0-4f82-97ab-093512e5c58e,centralised.kiwi,available,31.98,35.68,high,low,11,namecheap,,,02/10/2026 01:46
a51bbbb1-6a18-4d4e-838d-e6a4d6cfbf43,crowing.kiwi,available,31.98,35.68,medium,low,7,namecheap,,,10/08/2026 16:37
7cf7c92c-8179-4db0-8bef-08c30d80d8ad,raf.kiwi,available,31.98,35.68,high,low,3,namecheap,,,27/09/2026 05:07
1e4fc3cb-b485-4f52-a5bd-4dbc712eaa0c,aras.kiwi,available,31.98,35.68,medium,low,4,namecheap,,,20/09/2026 00:22
fe05cf72-0c93-49f9-ac19-6f8a76c4baa2,abortion.kiwi,available,31.98,35.68,high,low,8,namecheap,,,16/09/2026 16:39
2acf9a71-5723-43e3-905e-a6d8d3ed9676,could.kiwi,available,21.43,21.43,high,low,5,dynadot,,,30/09/2026 23:37
5603d652-e0ee-4f9e-abeb-35acdd7d95ec,carries.kiwi,available,21.47,21.47,medium,low,7,dynadot,,,28/09/2026 04:37
62d625e4-b1f6-4245-8227-c4e9a149986f,expulsion.kiwi,available,21.43,21.43,medium,low,9,dynadot,,,30/09/2026 01:29
71f83ea1-1617-4ed2-ad22-42d3390fdb01,ivanhoe.kiwi,available,21.41,21.41,high,low,7,dynadot,,,01/10/2026 08:05
5a8ede18-ffd2-440e-92e7-1156fd7af7a7,bogus.kiwi,available,31.98,35.68,medium,low,5,namecheap,,,08/08/2026 22:58
c0067bfe-aaf1-434b-a085-4d3ea6452d80,hallowed.kiwi,available,31.98,35.68,high,low,8,namecheap,,,20/08/2026 22:52
8446917a-1147-4219-994f-a684e9a28771,scholar.kiwi,available,31.98,35.68,high,low,7,namecheap,,,20/09/2026 16:28
f114d2c6-1027-4d7f-8abb-93085137fb17,beginning.kiwi,available,31.98,35.68,high,low,9,namecheap,,,09/08/2026 09:06
e71e7086-3f64-413c-858f-ed93fc7fec19,chem.kiwi,available,31.98,35.68,high,low,4,namecheap,,,18/09/2026 00:59
6a0d6c99-a3df-4c08-8509-5559cbd8a6e3,heavenly.kiwi,premium,40.3,40.3,high,low,8,namecheap,,,11/08/2026 23:21
743217b0-01fe-4d9a-bcee-8df8d7c92790,litton.kiwi,available,21.41,21.41,medium,low,6,dynadot,,,02/10/2026 00:54
4eb3be4d-de67-4e7e-a683-07da71d9d2a5,gino.kiwi,available,21.43,21.43,high,low,4,dynadot,,,30/09/2026 04:18
46c58094-b382-4675-8087-3eb028fa982a,frail.kiwi,available,31.98,35.68,high,low,5,namecheap,,,18/08/2026 13:59
ec539e64-de64-4a78-b29e-83321e4247d4,alertly.kiwi,available,31.98,35.68,medium,low,7,namecheap,,,13/09/2026 18:40
5b828246-2e52-4e2f-b605-cfd7094addae,operates.kiwi,available,21.52,21.52,medium,low,8,dynadot,,,29/09/2026 10:32
9a4f8e53-42d7-43b9-8974-17a3c22e6ba6,beignet.kiwi,available,31.98,35.68,medium,low,7,namecheap,,,23/09/2026 04:07
180de12e-2b4d-405e-8de3-49bce73fa66b,queenlike.kiwi,available,31.98,35.68,medium,low,9,namecheap,,,09/09/2026 07:54
96f9eb6b-30ae-4a4b-9b9a-4a517a91046d,occidental.kiwi,available,31.98,35.68,medium,low,10,namecheap,,,21/08/2026 07:25
2c7aaea1-aad1-45ae-b82c-f58be7a9480d,duodecimal.kiwi,available,31.98,35.68,medium,low,10,namecheap,,,14/08/2026 21:19
e918a4df-dbbe-4aa3-ba45-5bd77e0a935a,alabama.kiwi,available,21.47,21.47,high,low,7,dynadot,,,28/09/2026 20:00
2a187c5d-f84d-43c3-aea1-7e9f94ba15d3,bewitch.kiwi,available,31.98,35.68,high,low,7,namecheap,,,21/08/2026 07:41
f557dd46-8ca6-4c37-a449-e9a8874cf4ed,concealing.kiwi,available,31.98,35.68,high,low,10,namecheap,,,12/08/2026 19:52
b510b41f-fe2b-4391-b538-c23549be43ce,unsexy.kiwi,available,31.98,35.68,medium,low,6,namecheap,,,12/09/2026 19:23
fe3b37c7-0228-4cd5-8ede-b108cba32e20,attend.kiwi,available,31.98,35.68,high,low,6,namecheap,,,28/09/2026 19:00
17be76ee-f907-4223-8042-d78b645a435f,fannie.kiwi,available,31.98,35.68,medium,low,6,namecheap,,,28/09/2026 12:06
82fb2763-9d26-4ce1-8db3-1f2aa48e4d99,optimized.kiwi,available,21.72,21.72,high,low,9,dynadot,,,27/09/2026 22:29
b5878477-b7e5-48f6-9858-91fc08767750,blm.kiwi,available,31.98,35.68,high,low,3,namecheap,,,29/09/2026 09:47
c8a1354f-4398-448f-8a88-35d049cc20fa,frunze.kiwi,available,31.98,35.68,medium,low,6,namecheap,,,23/09/2026 21:44
6b9e4157-fd4d-4a57-beec-19b81e1038e2,essentially.kiwi,available,31.98,35.68,medium,low,11,namecheap,,,28/09/2026 07:07
ab27ab9b-e912-44c5-b5cf-bd3ad033e71e,nuts.kiwi,available,31.98,35.68,high,low,4,namecheap,,,22/09/2026 08:20
4255330d-eac1-4742-9c05-6ff9f210b54b,charivari.kiwi,available,31.98,35.68,medium,low,9,namecheap,,,23/09/2026 06:08
f5140359-deda-4bc9-8a5a-13e7b347146d,nonrandom.kiwi,available,31.98,35.68,medium,low,9,namecheap,,,03/09/2026 20:26
65a7b3c1-f13d-4637-921e-719bd39cce8b,homophobic.kiwi,available,31.98,35.68,medium,low,10,namecheap,,,21/08/2026 13:04
66004e11-813f-4de2-84aa-a01b18568375,champaign.kiwi,available,31.98,35.68,medium,low,9,namecheap,,,08/09/2026 20:30
dde4f663-31f2-4296-ac01-a4f44fbbf461,airedale.kiwi,available,31.98,35.68,medium,low,8,namecheap,,,17/09/2026 23:08
bc130da8-a4f2-496e-982c-5dbd166bf1f2,ali.kiwi,premium,81.9,81.9,high,high,3,namecheap,,,18/09/2026 07:21
a6b700a5-0496-48f8-ba4f-415c55910d10,rain.kiwi,premium,53.62,53.62,high,medium,4,name.com,,,19/09/2026 07:28
c6fc2b41-6c2a-4178-8171-1d92003cc151,probe.kiwi,available,31.98,35.68,high,low,5,namecheap,,,28/09/2026 10:09
b4620916-ab3c-4847-a6d4-e805799e6eac,concern.kiwi,available,31.98,35.68,high,low,7,namecheap,,,29/09/2026 05:30
d3c1fb27-3d55-41fa-ba4c-b4bac64e1770,sabha.kiwi,available,21.52,21.52,medium,low,5,dynadot,,,29/09/2026 21:35
3549a9dd-7469-4980-b503-916b3555e406,nitrous.kiwi,available,31.98,35.68,high,low,7,namecheap,,,08/08/2026 03:03
9ca6401d-fed8-4097-bd92-99590535df0c,acinic.kiwi,available,31.98,35.68,medium,low,6,namecheap,,,
8cc6c683-29e2-4cf0-a03c-ded60778a93e,labelled.kiwi,available,31.98,35.68,medium,low,8,namecheap,,,22/08/2026 17:15
b66068db-e522-4c04-b8b3-e8f93125a7f9,wildly.kiwi,available,31.98,35.68,medium,low,6,namecheap,,,16/09/2026 11:29
67c94adc-27ff-4536-9e70-65ba45c5dbe9,verified.kiwi,available,31.98,35.68,high,medium,8,namecheap,,,13/09/2026 02:25
5537bd05-1c05-48f3-8c79-1e832807d74e,burbling.kiwi,available,31.98,35.68,medium,low,8,namecheap,,,11/08/2026 10:10
ac93dd76-e7f6-4f10-a024-6caba9620516,mat.kiwi,premium,54.89,54.89,high,low,3,name.com,,,08/09/2026 07:48
d7296c1b-f52e-4df2-a3a6-365d67932a6d,soundlike.kiwi,available,35.68,,low,low,10,namecheap,,,
784b4f89-76b1-429d-b7ba-25c2b0ab3ed5,coltsfoot.kiwi,available,31.98,35.68,medium,low,9,namecheap,,,23/09/2026 01:58
6eb38d8c-6ee7-4784-81cf-3427ad633261,lack.kiwi,available,31.98,35.68,medium,low,4,namecheap,,,27/09/2026 03:43
4c1fc57c-410b-413d-80c3-8f13005b41f0,poa.kiwi,available,21.41,21.41,high,low,3,dynadot,,,01/10/2026 19:46
4381f116-bd08-4228-bfa1-428369404b73,verdin.kiwi,available,42.99,42.99,medium,low,6,name.com,,,21/09/2026 04:27
e5887d24-e097-49c4-92ca-c43f25d3689f,longview.kiwi,available,31.98,35.68,medium,low,8,namecheap,,,30/09/2026 21:47
d6d5f9dc-abf5-46f5-9e05-75ba7812b535,heidi.kiwi,available,31.98,35.68,high,low,5,namecheap,,,28/09/2026 16:18
f54d8c18-d215-49ab-b512-c6fb382893a6,saame.kiwi,available,31.98,35.68,high,medium,5,namecheap,,,09/09/2026 21:08
65a1215c-38db-4fac-9266-11048a809c90,fried.kiwi,available,31.98,35.68,medium,low,5,namecheap,,,13/08/2026 22:34
21f15433-a3b6-4307-9811-d5835acf00c5,peak.kiwi,available,31.98,35.68,high,medium,4,namecheap,,,24/09/2026 20:27
6f3d4845-62ab-4a17-8ffc-dc4bfec0841c,structures.kiwi,available,35.68,,medium,low,10,namecheap,,,
48ded22e-fd76-4c9c-97f3-db9f4980f466,balata.kiwi,available,31.98,35.68,medium,low,6,namecheap,,,21/09/2026 21:12
92644a97-e0d8-4582-b833-a7e7958ae38e,guidance.kiwi,available,31.98,35.68,high,low,8,namecheap,,,01/10/2026 17:31
5291b81c-8eb5-4b26-b872-1f52353018e0,biome.kiwi,available,31.98,35.68,high,low,5,namecheap,,,23/09/2026 18:30
c8be6bd3-043f-4fa8-865b-cf6da6c4ea51,madagascan.kiwi,available,31.98,35.68,high,low,10,namecheap,,,24/08/2026 12:55
59a4223a-c0f8-4b91-8355-e27087ba82fe,grease.kiwi,available,31.98,35.68,high,low,6,namecheap,,,28/09/2026 14:21
0eaadcab-1d70-47db-985f-4e8510f8b5fb,fleshly.kiwi,available,31.98,35.68,medium,low,7,namecheap,,,
6fc39e70-2a06-4c33-97aa-8e08b4403b72,borneo.kiwi,available,31.98,35.68,high,low,6,namecheap,,,01/10/2026 18:45
50694a75-c550-41cd-8aa9-fc04f20aa7b0,baluchi.kiwi,available,31.98,35.68,medium,low,7,namecheap,,,21/09/2026 23:42
ea9f5a9f-5ac6-4344-b225-482a93dda386,motto.kiwi,available,21.47,21.47,high,low,5,dynadot,,,28/09/2026 13:39
fb7e5b6c-8736-4907-bb3f-2dfe5a8f4562,peeled.kiwi,available,31.98,35.68,medium,low,6,namecheap,,,08/08/2026 18:24
e1b0acb4-d9d4-44ab-831f-e97ea53ddd78,kale.kiwi,premium,41.6,41.6,high,low,4,namecheap,,,24/09/2026 06:48
bf75e853-87e0-44b1-b02b-cb38b41a20cf,lucania.kiwi,available,42.99,42.99,medium,low,7,name.com,,,22/09/2026 10:51
5896ad29-76ba-4ca9-9145-7fbfbbc46b98,quaint.kiwi,available,31.98,35.68,high,low,6,namecheap,,,04/09/2026 01:55
88345f1f-441b-4561-bf30-d6490051291d,pineal.kiwi,available,31.98,35.68,high,medium,6,namecheap,,,08/09/2026 19:44
add76a1b-e471-4830-820e-836f8658a840,strumpet.kiwi,available,31.98,35.68,medium,low,8,namecheap,,,17/09/2026 10:22
23c20ffb-db2a-4e7a-85b5-7b9718a1b985,sterope.kiwi,available,31.98,35.68,low,low,7,namecheap,,,20/09/2026 17:14
6f268d39-0ffe-4ddb-8316-d3642c1f9c2e,aggressive.kiwi,available,42.99,42.99,high,low,10,name.com,,,21/09/2026 22:59
34a89f5c-123f-4bd5-825f-dbe973febfb8,gimme.kiwi,available,21.52,21.52,high,low,5,dynadot,,,29/09/2026 14:22
3a134d3b-0d8d-4d8f-97dd-c139aed038ce,timbers.kiwi,available,21.28,21.28,high,low,7,dynadot,,,02/10/2026 01:33
7ef11f3f-80a3-43d6-a718-38156a50aa62,bigger.kiwi,available,21.52,21.52,high,low,6,dynadot,,,29/09/2026 20:37
ab6705ef-6d06-496e-9a1a-ba265faaf98e,rehearsing.kiwi,available,31.98,35.68,high,low,10,namecheap,,,01/10/2026 06:10
23547b61-6799-47dd-800b-368144da14a0,middleton.kiwi,available,42.99,42.99,high,low,9,name.com,,,25/09/2026 09:23
2dfa2005-5b37-4fe8-a243-65eecd36ade0,saltwater.kiwi,available,21.28,21.28,high,low,9,dynadot,,,02/10/2026 04:11
52fbf57d-fd2a-437c-aa86-41c9fb2d87ae,reciprocal.kiwi,available,31.98,35.68,high,low,10,namecheap,,,09/09/2026 11:29
4adec20c-543e-4cd1-aa4f-2c1ca2ec51fc,dualistic.kiwi,available,31.98,35.68,medium,low,9,namecheap,,,14/08/2026 20:40
9d1511bf-0285-4757-91cc-3fc9e3dfdd5e,decade.kiwi,available,42.99,42.99,high,low,6,name.com,,,21/09/2026 10:56
fc1a2b94-9ce7-44cd-96ff-87a9859ccc08,slant.kiwi,available,31.98,35.68,high,low,5,namecheap,,,22/08/2026 22:07
398eb4ef-d801-4949-abf1-c65a729a143b,youngish.kiwi,available,31.98,35.68,medium,low,8,namecheap,,,13/09/2026 14:49
29d754ed-de8d-4f5e-9090-2a8a969e773b,repand.kiwi,available,31.98,35.68,medium,low,6,namecheap,,,09/09/2026 14:25
8c0f65de-ec7b-42d7-9e05-23eaa33c9029,prefatory.kiwi,available,31.98,35.68,high,medium,9,namecheap,,,09/09/2026 01:35
76ca902d-21b3-486e-aea5-deb7cb4c649b,ashy.kiwi,available,31.98,35.68,medium,low,4,namecheap,,,07/08/2026 02:04
5f9bc21d-b806-49a7-ab37-f3937f56fbc0,airfield.kiwi,available,31.98,35.68,high,low,8,namecheap,,,17/09/2026 23:09
8a197a15-a161-41a1-8ae7-7ceabfab8115,hex.kiwi,available,31.98,35.68,high,medium,3,namecheap,,,21/08/2026 07:35
6fd3f591-7123-4c93-aa48-cc4cd255bfda,sculptured.kiwi,available,31.98,35.68,high,low,10,namecheap,,,20/08/2026 18:52
aa6c6c77-18e6-478c-93a5-4464e3b087da,grin.kiwi,available,21.72,21.72,high,low,4,dynadot,,,27/09/2026 23:08
e786dfdb-468f-4865-b7b6-0bde4bc8f157,recalls.kiwi,available,31.98,35.68,medium,low,7,namecheap,,,02/10/2026 03:40
4f84ad7c-70fa-47d2-ab63-3effab7c69f6,mcd.kiwi,available,21.41,21.41,high,medium,3,dynadot,,,01/10/2026 12:42
f095aeb2-d813-4f14-a8df-976427d8b72d,revengeful.kiwi,available,31.98,35.68,medium,low,10,namecheap,,,09/09/2026 16:00
1d9357b6-fb17-4436-b7a4-bcee9951387f,preserve.kiwi,available,31.98,35.68,high,low,8,namecheap,,,24/09/2026 17:28
a59c1bcf-7d42-4141-a09e-2d708a2b617a,hari.kiwi,available,31.98,35.68,high,low,4,namecheap,,,29/09/2026 09:52
7d7bd61b-3427-447e-bdff-ff48bf598189,winnie.kiwi,available,21.52,21.52,high,low,6,dynadot,,,29/09/2026 09:15
44e47820-5ff7-4658-b503-806c56790867,englewood.kiwi,available,21.47,21.47,medium,low,9,dynadot,,,28/09/2026 16:54
3e851052-30f7-4e8d-bd70-5f2e6ec07d9c,reassuring.kiwi,available,31.98,35.68,high,low,10,namecheap,,,09/09/2026 11:14
c5226f37-678f-4219-b3bf-9d6661ad5292,igneous.kiwi,available,31.98,35.68,medium,low,7,namecheap,,,21/08/2026 18:16
d3cd0b7c-e7f9-4c5b-a27a-e9eaad80412f,grandparents.kiwi,available,31.98,35.68,high,low,12,namecheap,,,18/09/2026 06:12
8a7eed69-fbe2-4be2-b47b-3b101b8fe928,blooms.kiwi,available,31.98,35.68,medium,low,6,namecheap,,,02/10/2026 03:32
2ae4b7ff-9482-4daa-b1d2-bde6ebd51f70,scripps.kiwi,available,31.98,35.68,high,low,7,namecheap,,,28/09/2026 05:34
ab8ce4bd-3612-4d3b-9c40-af1fd5b0c678,great.kiwi,available,31.98,35.68,high,medium,5,namecheap,,,22/09/2026 16:53
552eccdf-3d9a-447f-bfbb-51711074a69f,cup.kiwi,available,31.98,35.68,high,low,3,namecheap,,,19/09/2026 14:42
60b3d33d-148c-431e-8b19-e94fe7a3fb57,wheaten.kiwi,available,31.98,35.68,medium,low,7,namecheap,,,13/09/2026 11:15
e1e013e5-fb23-406e-9aeb-170aa2a17d21,lidless.kiwi,available,31.98,35.68,medium,low,7,namecheap,,,23/08/2026 01:17
168789cf-f6c6-43a7-8732-c3d10258fa96,calling.kiwi,available,31.98,35.68,high,low,7,namecheap,,,24/09/2026 11:48
480af22b-a383-46dd-97ea-2b3f75bdcdd0,total.kiwi,available,31.98,35.68,high,medium,5,namecheap,,,21/09/2026 22:55
0c916fed-4be5-4f44-b62c-500b70f3dc36,unhinged.kiwi,available,31.98,35.68,medium,low,8,namecheap,,,11/08/2026 01:52
0d7a4389-ed5c-40e6-8022-00cfc2ea377f,prettier.kiwi,available,31.98,35.68,medium,low,8,namecheap,,,18/09/2026 11:09
0a15200c-fac0-47b3-b985-d8780cba6555,beagle.kiwi,available,31.98,35.68,high,low,6,namecheap,,,22/09/2026 19:37
0a63b16e-edfb-4e56-95bf-afdc2dd246e3,athanor.kiwi,available,31.98,35.68,medium,low,7,namecheap,,,20/09/2026 20:28
265c3a74-be44-44e6-927c-45eab4706c87,cupcake.kiwi,available,42.99,42.99,high,low,7,name.com,,,24/09/2026 20:16
bbdb210a-b09e-46cc-a5c6-f8ef001707f6,composure.kiwi,available,31.98,35.68,high,low,9,namecheap,,,11/08/2026 14:55
45839813-c339-42c4-8caa-05f93cf0a6be,kramer.kiwi,available,31.98,35.68,high,low,6,namecheap,,,25/09/2026 11:57
686495f4-aa98-41c3-9732-2813b0c2adae,cynic.kiwi,available,31.98,35.68,medium,low,5,namecheap,,,24/09/2026 20:49
3c6be62b-20e4-47c3-9a8e-e48a8fe4e3b8,unannounced.kiwi,available,21.28,21.28,medium,low,11,dynadot,,,02/10/2026 01:44
c214712f-e71f-4549-a57f-54c94cba8ea6,parting.kiwi,available,21.52,21.52,high,low,7,dynadot,,,29/09/2026 13:17
8d24a3cc-d23b-4d97-bfd8-aae30c0be144,bae.kiwi,available,31.98,35.68,high,low,3,namecheap,,,02/10/2026 04:02
843239a0-8359-4e13-878e-e1cde717bebe,lemony.kiwi,available,31.98,35.68,high,low,6,namecheap,,,22/08/2026 23:24
5c0218c0-2892-4451-978e-b5c7c5a1898a,slavic.kiwi,available,31.98,35.68,high,low,6,namecheap,,,10/09/2026 10:36
4418c625-813c-4f88-9712-2bc3169c60c6,apheresis.kiwi,available,31.98,35.68,medium,low,9,namecheap,,,19/09/2026 16:49
0cf891e4-80a1-415c-b421-02686a615afc,brassy.kiwi,available,31.98,35.68,medium,low,6,namecheap,,,11/08/2026 02:33
886586f7-765c-4791-a475-67ade5091f0e,georgian.kiwi,available,31.98,35.68,high,low,8,namecheap,,,18/08/2026 22:37
e1d8ea4a-f5d0-4c7d-bfb3-cfca9b21e40c,suited.kiwi,available,31.98,35.68,high,low,6,namecheap,,,11/09/2026 01:21
41227920-dd97-4ed1-8732-a07997233dcb,gentlemen.kiwi,available,31.98,35.68,high,low,9,namecheap,,,25/09/2026 17:34
b0a2826c-f8cc-4f85-b345-da5d87f350b9,unshared.kiwi,available,31.98,35.68,medium,low,8,namecheap,,,12/09/2026 19:38
52e8e322-ae32-44b5-ba03-98e3c84c68ed,incurious.kiwi,available,31.98,35.68,medium,low,9,namecheap,,,22/08/2026 02:08
9ad8d46d-68fe-4763-9e8f-a9bdeb217af3,calvinist.kiwi,available,31.98,35.68,medium,low,9,namecheap,,,11/08/2026 15:24
a9d43a06-bf78-42c1-bc92-462f89b7d410,ies.kiwi,available,31.98,35.68,medium,low,3,namecheap,,,01/10/2026 16:28
064a62f6-5539-452b-9d1a-baa867559a7e,heterodox.kiwi,available,31.98,35.68,medium,low,9,namecheap,,,14/08/2026 12:37
54ed89c0-0b26-4c8c-9b55-3aad598447d1,insertion.kiwi,available,21.43,21.43,high,low,9,dynadot,,,30/09/2026 01:59
30cac225-40e9-4421-b10d-f59a08675cb2,tenant.kiwi,available,31.98,35.68,high,low,6,namecheap,,,28/09/2026 20:19
d4125e56-2098-40ca-8b06-fb2a6348d125,ayr.kiwi,available,31.98,35.68,high,low,3,namecheap,,,21/09/2026 10:41
55abfbb0-435b-474c-aaac-a529bf52aab0,knowable.kiwi,available,31.98,35.68,medium,low,8,namecheap,,,12/08/2026 15:50
60194575-2158-42cb-9ec7-bb60620d3332,rigil.kiwi,available,31.98,35.68,medium,low,5,namecheap,,,18/09/2026 13:35
0eb8a4c5-178f-4189-b969-e969cf5cfa34,hard.kiwi,available,31.98,35.68,high,low,4,namecheap,,,06/08/2026 16:55
979927f0-386f-4ab5-a9c5-003cceb6a293,outlets.kiwi,premium,61.1,61.1,medium,low,7,namecheap,,,21/09/2026 06:33
a9925b3e-14ac-4b4e-a812-ed5f83fd3248,outdo.kiwi,available,31.98,35.68,medium,low,5,namecheap,,,09/08/2026 17:43
b3a4fb8d-0d68-43b8-bb04-11e71690d62e,projectile.kiwi,available,31.98,35.68,high,low,10,namecheap,,,09/09/2026 02:59
c97b38a9-3ace-476e-b955-8a9b82463179,uncolored.kiwi,available,31.98,35.68,medium,low,9,namecheap,,,12/09/2026 02:06
b68a2f9b-5cad-4c94-a555-d9fc2d76f1c5,ostensible.kiwi,available,31.98,35.68,medium,low,10,namecheap,,,04/09/2026 18:29
a44136ff-f616-4b65-a821-e8cc02157832,template.kiwi,available,31.98,35.68,high,low,8,namecheap,,,30/09/2026 11:09
58352ac4-fca4-442c-a952-dc505f72dfca,phrase.kiwi,available,21.52,21.52,high,low,6,dynadot,,,29/09/2026 23:31
c55dafbe-5595-4bde-9971-2da677a620ed,quake.kiwi,available,21.52,21.52,high,low,5,dynadot,,,29/09/2026 18:44
6d6ee787-eab7-4421-ac6a-8f51d249a63d,aeneid.kiwi,available,31.98,35.68,medium,low,6,namecheap,,,17/09/2026 12:28
501c806e-7195-4e0b-9648-8b15257d4014,muttering.kiwi,available,31.98,35.68,medium,low,9,namecheap,,,03/09/2026 11:14
d112b945-b082-42e4-b587-e6aa8dadaa2e,eared.kiwi,available,31.98,35.68,medium,low,5,namecheap,,,14/08/2026 14:39
ebc453c7-bc09-4bb4-83e1-35b71fb951d8,sigmoid.kiwi,available,31.98,35.68,high,medium,7,namecheap,,,10/09/2026 07:58
e7e2ae7a-22d3-4757-b2a8-8e1400a8bcab,astounded.kiwi,available,42.99,42.99,high,low,9,name.com,,,22/09/2026 03:42
e510cf8d-bd42-4c89-ae80-2b1afe1ba4aa,kickoff.kiwi,available,31.98,35.68,high,low,7,namecheap,,,01/10/2026 19:02
40644da0-4131-4db9-bc2c-3cc3d55acf88,pathologist.kiwi,available,31.98,35.68,high,low,11,namecheap,,,30/09/2026 19:46
06882b93-fa00-46dd-b0db-937c515e9874,faces.kiwi,available,35.68,,medium,low,5,namecheap,,,
09ecabdb-f061-4e91-971d-caf89b013e54,desktop.kiwi,premium,61.1,61.1,high,low,7,namecheap,,,29/09/2026 14:08
be2ee933-4584-42cf-8b6d-13fccb5f6125,aspic.kiwi,available,31.98,35.68,high,low,5,namecheap,,,20/09/2026 15:11
76123688-d3fe-4dfe-b75a-be3d22935a00,espouse.kiwi,available,31.98,35.68,high,low,7,namecheap,,,13/09/2026 09:39
1dd7fec6-456e-480e-a054-beacc1fa9ca3,penniless.kiwi,available,31.98,35.68,medium,low,9,namecheap,,,21/08/2026 00:34
90f9975f-abe5-48e9-9226-b4c24264a472,potentially.kiwi,available,21.47,21.47,medium,low,11,dynadot,,,28/09/2026 07:08
d733bf88-402e-4df3-94cd-77f7afaeb6e8,lds.kiwi,available,31.98,35.68,high,low,3,namecheap,,,28/09/2026 08:25
29924f47-1811-412e-928b-3411ae8847ff,lissom.kiwi,available,31.98,35.68,medium,low,6,namecheap,,,23/08/2026 23:41
87229fba-02cf-4bf2-94ad-ec919e7ae968,shaikh.kiwi,available,31.98,35.68,medium,low,6,namecheap,,,01/10/2026 23:28
8de1c149-17bd-42ea-8ed7-038953ef2636,ruthless.kiwi,available,31.98,35.68,high,medium,8,namecheap,,,08/09/2026 20:06
e23456f6-64a4-49c2-a1cd-e2dd26972815,slavery.kiwi,available,31.98,35.68,high,low,7,namecheap,,,10/09/2026 10:30
b73065f0-2c9c-4020-b156-3150ec9e21c2,emeritus.kiwi,available,31.98,35.68,high,low,8,namecheap,,,16/08/2026 15:05
53be9122-284c-4a32-9333-94e5fc19b6fc,snuffly.kiwi,available,31.98,35.68,high,medium,7,namecheap,,,10/09/2026 12:37
fc29089b-e907-4641-a173-bc05c628c83a,elba.kiwi,available,31.98,35.68,high,low,4,namecheap,,,30/09/2026 13:35
1e62d478-b3e5-40bf-8401-82e891ff53cf,modulated.kiwi,available,31.98,35.68,medium,low,9,namecheap,,,25/08/2026 03:19
82759561-7184-449f-81a8-2482324df5e5,biloxi.kiwi,available,31.98,35.68,high,low,6,namecheap,,,23/09/2026 16:52
6c8f3d78-bcf2-4762-97a6-bf77d196905e,neoliberal.kiwi,available,31.98,35.68,high,low,10,namecheap,,,03/09/2026 15:23
6e8d041a-7842-4da1-95c5-b67e30aeced1,muni.kiwi,available,31.98,35.68,high,low,4,namecheap,,,30/09/2026 12:26
edf7bb26-3c1a-4f07-9d9d-03bef4319421,chop.kiwi,available,31.98,35.68,high,low,4,namecheap,,,29/09/2026 08:58
c181bcf8-c8c2-4636-9a59-02f7d0b5e62a,bowen.kiwi,available,31.98,35.68,medium,low,5,namecheap,,,25/09/2026 12:42
64a70c0e-e8f5-404f-9cb5-3575b14d9400,driveway.kiwi,available,31.98,35.68,medium,low,8,namecheap,,,28/09/2026 13:54
21678940-8e86-473b-aeb1-179094ad5478,challenging.kiwi,available,31.98,35.68,high,low,11,namecheap,,,01/10/2026 19:37
351a62c6-91f1-49f2-abc6-2edbda51ceb6,saddam.kiwi,available,42.99,42.99,medium,low,6,name.com,,,25/09/2026 23:11
9f6d8380-dd80-4eb8-8224-1f898bac49d8,redstone.kiwi,available,31.98,35.68,high,low,8,namecheap,,,01/10/2026 13:54
912d3da9-5b2d-48c3-9a0f-74780084a607,reductive.kiwi,available,31.98,35.68,high,medium,9,namecheap,,,09/09/2026 12:25
385bd9a1-0fb6-42c0-abbb-f37661e2002f,histrionic.kiwi,available,31.98,35.68,medium,low,10,namecheap,,,21/08/2026 09:57
0776ab31-9f3d-42fa-aa5c-3ac7a2f3566f,fascism.kiwi,available,21.43,21.43,medium,low,7,dynadot,,,30/09/2026 01:35
9971a74f-e137-4f07-9aab-9cc02e4615d7,coital.kiwi,available,31.98,35.68,low,low,6,namecheap,,,12/08/2026 16:22
df94fe49-d77d-4a67-92dc-01382dc4df36,lining.kiwi,available,21.47,21.47,high,low,6,dynadot,,,28/09/2026 06:11
02ac18ca-92ba-4923-b25b-355fd8c76b87,flavors.kiwi,available,31.98,35.68,medium,low,7,namecheap,,,30/09/2026 15:58
59702fa1-504d-4939-8e3a-1dd126c38ef2,focuses.kiwi,available,31.98,35.68,medium,low,7,namecheap,,,20/09/2026 21:43
18be9156-c5e8-40a5-9e36-ed2c203db194,types.kiwi,available,31.98,35.68,high,low,5,namecheap,,,18/09/2026 16:19
004529a1-1ffd-4fed-addd-7e141c217ca1,shortfall.kiwi,available,31.98,35.68,high,low,9,namecheap,,,29/09/2026 13:34
d03a9895-dde9-4e96-ac79-46f37c2918ef,realise.kiwi,available,31.98,35.68,high,low,7,namecheap,,,27/09/2026 16:29
c71adb84-c825-458d-b119-8183a39fd800,orville.kiwi,available,31.98,35.68,high,low,7,namecheap,,,29/09/2026 09:46
049cb7cb-af77-4152-836d-2eb4a502fd34,marquis.kiwi,available,21.43,21.43,high,low,7,dynadot,,,30/09/2026 17:02
2c85327d-ff9a-47a9-a47c-648ce1a9dd2e,mississippi.kiwi,available,21.47,21.47,high,low,11,dynadot,,,28/09/2026 03:26
6095c5f8-23a5-4e4e-8b28-01d58f58d4a6,inexplicit.kiwi,available,31.98,35.68,medium,low,10,namecheap,,,21/08/2026 22:39
48751571-8830-4b80-897e-758f8e090480,devious.kiwi,available,31.98,35.68,medium,low,7,namecheap,,,14/08/2026 05:10
f931a626-c6a0-477b-9bc1-31baeefbb037,stepped.kiwi,available,31.98,35.68,high,low,7,namecheap,,,25/09/2026 18:05
68fd650d-d862-447a-a8f8-148ba8ab8c83,ammonite.kiwi,available,42.99,42.99,high,low,8,name.com,,,18/09/2026 22:08
7ee07149-29b5-4dfd-b83e-83562ab085a9,basement.kiwi,available,31.98,35.68,high,low,8,namecheap,,,29/09/2026 01:22
6c955e2e-c805-43ee-8806-bd363238d881,samples.kiwi,available,42.99,42.99,medium,low,7,name.com,,,20/09/2026 18:39
ab04eb23-51d4-47bf-968c-4aefbf4eccbf,moose.kiwi,available,31.98,35.68,high,low,5,namecheap,,,18/09/2026 03:57
8ca0e15a-961d-4044-b6cd-febbda0f12af,lawyers.kiwi,available,31.98,35.68,medium,low,7,namecheap,,,25/09/2026 20:58
7c4fc4c7-111d-40e3-8737-80f088d8ccf0,cic.kiwi,available,21.43,21.43,high,low,3,dynadot,,,30/09/2026 04:17
15b8cdcd-d83e-4083-8baf-c7f78aabe5c4,overriding.kiwi,available,31.98,35.68,high,low,10,namecheap,,,04/09/2026 21:39
adbcc9dd-cb93-466a-96dc-bb41fe3b2332,exothermic.kiwi,available,31.98,35.68,medium,low,10,namecheap,,,17/08/2026 17:46
5b6aeed1-5532-44aa-bd48-12e9bd5e4c80,astarte.kiwi,available,31.98,35.68,medium,low,7,namecheap,,,20/09/2026 14:01
1dd4819d-a789-467e-b98d-1aa859c5bb96,lifts.kiwi,available,21.52,21.52,medium,low,5,dynadot,,,29/09/2026 05:05
336c6dde-1ac3-4af4-927f-6400da7fe5e3,diving.kiwi,available,31.98,35.68,high,low,6,namecheap,,,29/09/2026 16:25
577100e6-b438-4a64-98b8-d1ce0b217dfd,mend.kiwi,available,31.98,35.68,high,low,4,namecheap,,,30/09/2026 08:51
721b009d-de30-410a-8a32-b980a8ad88da,experimenters.kiwi,available,31.98,35.68,medium,low,13,namecheap,,,02/10/2026 03:51
71ed305d-88ce-46f8-ab3c-d7039fbd9864,lodge.kiwi,available,21.47,21.47,high,low,5,dynadot,,,28/09/2026 23:14
8e0de8cf-e9d3-4080-be3f-c3b2b10c4567,bears.kiwi,premium,55.59,,high,low,5,name.com,,,
a3546983-d571-4d59-a0b5-cd01a1c9dfe3,portrayal.kiwi,available,31.98,35.68,high,low,9,namecheap,,,01/10/2026 01:43
17c72bf8-ea21-4387-8536-b3d8cdc9d973,villagers.kiwi,available,21.52,21.52,high,low,9,dynadot,,,29/09/2026 05:33
da424f6a-7dcc-452f-9193-1da7ed60c0b4,bullock.kiwi,available,31.98,35.68,medium,low,7,namecheap,,,29/09/2026 11:48
2dd802a1-4500-4943-bda7-901d803ab682,takeoff.kiwi,available,21.43,21.43,medium,low,7,dynadot,,,30/09/2026 05:48
b41f41a7-f0aa-4967-9e2d-aca9dfcbc48a,lasalle.kiwi,available,21.47,21.47,high,low,7,dynadot,,,28/09/2026 06:07
d4646d60-6322-4bdd-b8f2-1caa2dad41af,aslant.kiwi,available,31.98,35.68,medium,low,6,namecheap,,,07/08/2026 03:56
bfb6a2a8-f308-4c61-bfdb-d05b2112b6a1,visualise.kiwi,available,31.98,35.68,high,low,9,namecheap,,,24/09/2026 16:40
3317aa77-0000-49eb-ae6b-248b1e8ae631,enthusiast.kiwi,available,31.98,35.68,high,low,10,namecheap,,,08/09/2026 02:16
adde4f1c-f379-4805-85b2-c379ff52f798,stacks.kiwi,available,31.98,35.68,high,medium,6,namecheap,,,14/09/2026 23:24
24771871-3c6c-46a4-9e6a-39c9870d1f26,unpredictable.kiwi,available,21.47,21.47,medium,low,13,dynadot,,,28/09/2026 15:57
ffa7ee11-28eb-4698-999b-d67c2d64c7de,emir.kiwi,available,42.99,42.99,high,low,4,name.com,,,18/09/2026 17:55
730e65af-fbf6-4bac-96bf-055038703465,rigorous.kiwi,available,21.72,21.72,high,low,8,dynadot,,,27/09/2026 15:20
6edf6278-5eb8-4a28-9a2e-723c36b206e5,zymoid.kiwi,available,31.98,35.68,medium,low,6,namecheap,,,13/09/2026 15:55
d0b94f77-31f6-43b4-ac4a-8849c28b4c52,grounded.kiwi,available,31.98,35.68,high,low,8,namecheap,,,27/09/2026 06:36
5ea3a05b-c953-421c-976f-523929b7b09d,cosmologic.kiwi,available,31.98,35.68,medium,low,10,namecheap,,,13/08/2026 02:56
5ed3a62b-939e-4189-9098-bbb266ea11d0,serous.kiwi,available,31.98,35.68,medium,low,6,namecheap,,,10/09/2026 04:43
24f829a6-687a-4768-89d2-8e1e0d13f1b5,balanchine.kiwi,available,31.98,35.68,high,low,10,namecheap,,,21/09/2026 20:54
8fdc31de-db8e-4461-8041-2a5e8315d028,prolate.kiwi,available,31.98,35.68,medium,low,7,namecheap,,,15/08/2026 18:52
f1afb3f7-ae3e-4d4c-80a1-2184e4cfdcab,ambivalence.kiwi,available,35.68,,high,low,11,namecheap,,,
c79c45b1-07b5-4bfc-ad81-eba25774c131,olive.kiwi,premium,54.61,,high,low,5,name.com,,,26/09/2026 00:11
14dbeda5-20f1-46ee-88e1-67c09d35ae92,wingstem.kiwi,available,31.98,35.68,medium,low,8,namecheap,,,17/09/2026 04:57
071391ac-639a-4efb-bf9f-fb96e1dbaf48,panty.kiwi,available,31.98,35.68,high,low,5,namecheap,,,09/09/2026 22:42
68b927f3-4391-4836-8fce-0a75c932421f,proustian.kiwi,available,31.98,35.68,medium,low,9,namecheap,,,09/09/2026 04:22
ff8aad37-1f50-4b7d-819a-f0ebed5033ac,fortunate.kiwi,available,31.98,35.68,high,low,9,namecheap,,,18/08/2026 12:47
e74b0b22-894e-497a-94b4-9f3d75a6c3a5,selflessly.kiwi,available,31.98,35.68,high,low,10,namecheap,,,13/09/2026 19:23
781cc038-8e19-4610-aa6d-7d582642649f,boned.kiwi,available,31.98,35.68,medium,low,5,namecheap,,,10/08/2026 18:34
2b0ec003-c220-4ff9-940a-7bb7c213cdfa,animating.kiwi,available,21.52,21.52,high,low,9,dynadot,,,29/09/2026 05:09
10bc234e-85e0-4db8-86e5-d48c79f70b3c,staircase.kiwi,available,21.47,21.47,medium,low,9,dynadot,,,28/09/2026 20:32
2095c649-c146-4a95-ad4b-562ff109bef7,sperry.kiwi,available,21.47,21.47,medium,low,6,dynadot,,,29/09/2026 00:47
aa9e9575-b299-416f-b368-d8f427ec1070,ghostly.kiwi,available,31.98,35.68,medium,low,7,namecheap,,,06/08/2026 05:28
563f43fe-2d26-4fce-a66b-0dfd93ce71b7,dubbed.kiwi,available,21.43,21.43,medium,low,6,dynadot,,,30/09/2026 07:36
1e76d3a2-f2e1-46e0-8062-b97f4f2e677b,soar.kiwi,available,31.98,35.68,high,low,4,namecheap,,,01/10/2026 03:34
9c55ecc3-2329-443b-8497-b3d3a2939e4b,numerable.kiwi,available,31.98,35.68,medium,low,9,namecheap,,,13/08/2026 03:32
4fab7121-a54a-4d94-bb3b-01b8dd170584,blazer.kiwi,available,42.99,42.99,high,low,6,name.com,,,24/09/2026 05:03
a5d9207a-7700-4dc3-919e-f22e59939b18,feelings.kiwi,available,31.98,35.68,high,low,8,namecheap,,,29/09/2026 19:09
88f99040-87ea-4f96-ac48-f568c198f3d4,past.kiwi,available,31.98,35.68,high,low,4,namecheap,,,27/09/2026 02:57
f418ed2e-3f08-4e1e-8ceb-1c21abc4ccff,ardeb.kiwi,available,31.98,35.68,medium,low,5,namecheap,,,20/09/2026 03:06
662b884f-31d5-433d-97fc-8a64d731e8c7,evident.kiwi,available,31.98,35.68,high,low,7,namecheap,,,06/08/2026 05:13
ad494e17-935b-4f10-bf99-36c7c39738bb,piglet.kiwi,available,31.98,35.68,high,low,6,namecheap,,,19/09/2026 22:30
77353c12-87d9-42b0-9ab8-679db2f8b5f1,miscellaneous.kiwi,available,21.43,21.43,medium,low,13,dynadot,,,30/09/2026 12:33
f5225d90-a85d-4109-8d78-0d238048592e,highland.kiwi,premium,186.84,186.84,high,low,8,name.com,,,21/08/2026 09:16
794f5a91-1190-4644-b0c7-1c1b4ef81ab4,cups.kiwi,available,31.98,35.68,medium,low,4,namecheap,,,18/09/2026 07:17
5a1480f3-87c7-46b6-a989-cf1cfe0adeac,assume.kiwi,available,31.98,35.68,high,low,6,namecheap,,,27/09/2026 08:58
e9983132-09e8-4511-821b-5b3e945f2259,bombay.kiwi,available,31.98,35.68,high,low,6,namecheap,,,29/09/2026 00:15
4448de09-739c-412d-999d-1879871fbbd7,seconded.kiwi,available,31.98,35.68,medium,low,8,namecheap,,,20/09/2026 15:37
5ae19ca5-b27f-4280-9c9d-6809b0b61a0c,diss.kiwi,available,31.98,35.68,medium,low,4,namecheap,,,17/09/2026 14:55
c306f9f5-1d29-417c-af61-984482ec465f,vicki.kiwi,available,21.52,21.52,medium,low,5,dynadot,,,29/09/2026 04:00
013230fd-f11f-4ba2-9364-446b1abe50a4,pupil.kiwi,available,21.47,21.47,high,low,5,dynadot,,,28/09/2026 09:33
cdecde68-33f2-404c-94ff-2897afdec44a,vast.kiwi,available,21.47,21.47,high,low,4,dynadot,,,28/09/2026 08:28
215dbe4a-fb39-40ec-9a42-4d470868f529,teeming.kiwi,available,31.98,35.68,high,low,7,namecheap,,,11/09/2026 10:05
6776514a-0aa4-4c23-9e0e-a3a0e200d23b,waits.kiwi,available,21.47,21.47,medium,low,5,dynadot,,,28/09/2026 11:43
8f035e3b-6025-4313-a95d-4a15dd1265b2,haight.kiwi,available,21.28,21.28,high,low,6,dynadot,,,02/10/2026 04:03
6aeee433-cbdb-4d83-b48d-e94203b1a3bb,dealer.kiwi,available,31.98,35.68,high,low,6,namecheap,,,22/09/2026 05:35
a683c48a-ed67-4dae-aeef-5d8a87a4f210,foliose.kiwi,available,31.98,35.68,medium,low,7,namecheap,,,18/08/2026 10:11
45697b95-30bf-4a50-8c02-cae23e08e04a,deterrent.kiwi,available,31.98,35.68,medium,low,9,namecheap,,,14/08/2026 04:48
d98fe611-9d96-40d0-8ec2-cc85978240f9,kolkata.kiwi,available,39.99,39.99,high,low,7,godaddy,,,01/10/2026 01:15
ceab5ee5-403c-4721-8525-3a5b81f240d7,rant.kiwi,available,31.98,35.68,high,low,4,namecheap,,,24/09/2026 03:37
68aa6273-774a-404d-aa9e-6987237fc2d5,creed.kiwi,available,21.47,21.47,high,low,5,dynadot,,,28/09/2026 18:43
3468cb5e-42a8-4293-a001-82daf8c30e0a,dishy.kiwi,available,31.98,35.68,medium,low,5,namecheap,,,14/08/2026 11:03
aec4866a-1ee2-4736-b3ff-a8573c4eb726,weirdness.kiwi,available,31.98,35.68,medium,low,9,namecheap,,,23/09/2026 23:18
858eb9d0-d28c-4807-8adf-36eaf63e3d2c,hostile.kiwi,available,31.98,35.68,medium,low,7,namecheap,,,25/09/2026 00:05
e8da16c2-2422-4f7c-ad42-50ff9291a168,arrangements.kiwi,available,31.98,35.68,medium,low,12,namecheap,,,27/09/2026 10:40
01cadd6b-872d-40d2-a42f-07de3807a34c,clasp.kiwi,available,31.98,35.68,high,low,5,namecheap,,,30/09/2026 08:50
9f0084f6-2379-408b-a673-f6dad9223bb2,roily.kiwi,available,31.98,35.68,medium,low,5,namecheap,,,09/09/2026 18:18
f9923134-d02f-452c-9799-803aa95f0a1a,trying.kiwi,available,31.98,35.68,high,low,6,namecheap,,,03/09/2026 15:44
60272acb-13b7-430f-8432-66c2418848cd,clovers.kiwi,available,31.98,35.68,medium,low,7,namecheap,,,21/09/2026 06:52
743bd077-b905-4e90-b856-abc2d959aa6b,pavilion.kiwi,available,31.98,35.68,high,low,8,namecheap,,,30/09/2026 18:00
1378f17a-d6a0-4da7-afb7-551918797ec8,unreliable.kiwi,available,31.98,35.68,medium,low,10,namecheap,,,11/09/2026 19:06
fa54c098-ffd0-4469-bf1b-a9547ee6f06e,hushed.kiwi,available,31.98,35.68,medium,low,6,namecheap,,,21/08/2026 15:54
504224ca-4f23-4870-aeac-47a6c5787c16,dearie.kiwi,available,42.99,42.99,high,low,6,name.com,,,13/08/2026 18:19
3aa0aa05-7057-4666-8f94-50f1186a5cea,antitank.kiwi,available,31.98,35.68,medium,low,8,namecheap,,,05/08/2026 19:44
d2eb7483-ebd5-4045-a708-eef553fd631d,parenting.kiwi,available,35.68,,high,low,9,namecheap,,,
f4505762-2227-4c4a-85cd-74460376ff91,sandhopper.kiwi,available,31.98,35.68,medium,low,10,namecheap,,,22/09/2026 18:44
bc355f4f-3c5a-4a54-802d-b4c2ad90b5b3,prismatic.kiwi,available,31.98,35.68,high,low,9,namecheap,,,09/09/2026 02:09
e052cbc6-6e3a-4a5b-aa30-f6b2157a0063,segovia.kiwi,available,31.98,35.68,high,low,7,namecheap,,,19/09/2026 04:41
e6bfd23d-4c08-4213-bbf8-c3b7fe0b02d8,scroll.kiwi,available,31.98,35.68,high,low,6,namecheap,,,24/09/2026 20:30
5592e599-76ce-4ccf-893f-223908b07a45,find.kiwi,premium,81.9,81.9,high,medium,4,namecheap,,,29/09/2026 04:04
b87d5bec-0de4-44a7-bb44-7e643a2e29b1,acclaim.kiwi,available,31.98,35.68,high,low,7,namecheap,,,16/09/2026 22:32
ff58171f-332e-4593-9962-85654361261b,lovesome.kiwi,available,31.98,35.68,medium,low,8,namecheap,,,
c29068da-526c-43c8-ab0c-7b9a061268c9,inhibited.kiwi,available,31.98,35.68,medium,low,9,namecheap,,,22/08/2026 05:07
d555b68a-0158-45d9-a0f5-560f854b3c0d,engaged.kiwi,available,31.98,35.68,high,low,7,namecheap,,,10/08/2026 19:07
14030ec2-6211-481b-87f4-734f62718224,convey.kiwi,available,21.52,21.52,high,low,6,dynadot,,,29/09/2026 06:20
e24bcf5c-5867-436a-857f-1d5cfcbd2466,acromion.kiwi,available,31.98,35.68,medium,low,8,namecheap,,,17/09/2026 03:49
285c2358-db9d-4917-a10f-2ad2f0045733,backwater.kiwi,available,31.98,35.68,high,low,9,namecheap,,,21/09/2026 16:21
f09e6d53-0c03-4e33-801f-4e5eb2e0d353,lapse.kiwi,available,21.72,21.72,high,low,5,dynadot,,,27/09/2026 14:20
f90e8e2d-1d08-4136-96a8-9396d5a9820b,bedhead.kiwi,available,35.68,,medium,low,8,namecheap,,,
5929c843-6337-4325-8017-054a024ed659,embodiment.kiwi,available,31.98,35.68,high,low,10,namecheap,,,21/09/2026 08:48
f87ce4ac-1614-448a-afeb-f3bc149cfc0f,homeward.kiwi,available,31.98,35.68,high,low,8,namecheap,,,21/08/2026 11:22
180f1dee-dba5-4d06-a7ce-ad53835c1b42,scandent.kiwi,available,31.98,35.68,medium,low,8,namecheap,,,09/09/2026 22:32
b67feaac-5faf-428c-a257-f59051e84f82,toffee.kiwi,available,31.98,35.68,high,low,6,namecheap,,,11/08/2026 04:53
9d214d13-27cb-4d2a-899a-7075a245d8a4,boric.kiwi,available,31.98,35.68,medium,low,5,namecheap,,,10/08/2026 19:48
4feebb8a-1135-4644-96bd-0d1e6675d8fe,sulphur.kiwi,available,31.98,35.68,medium,low,7,namecheap,,,20/09/2026 22:29
372112a4-1419-4d55-8421-b8054642bce9,comforting.kiwi,available,31.98,35.68,high,low,10,namecheap,,,12/08/2026 03:43
77813d2a-1411-4366-961e-ecd8b7e5477b,trustworthy.kiwi,available,31.98,35.68,high,low,11,namecheap,,,30/09/2026 05:50
f3e6c91a-4173-4195-9463-f150d2d37670,unpublished.kiwi,available,21.28,21.28,medium,low,11,dynadot,,,02/10/2026 01:35
967f2ad7-0012-4858-a563-be55a8424aab,waterless.kiwi,available,31.98,35.68,medium,low,9,namecheap,,,06/08/2026 19:03
9833fa71-be27-440a-a8ae-75f66b54d5d6,propose.kiwi,available,21.43,21.43,high,low,7,dynadot,,,30/09/2026 08:54
6f2a4f9b-501d-4cb6-899a-3e4ba80fb357,maltese.kiwi,available,31.98,35.68,high,low,7,namecheap,,,24/08/2026 14:15
1591483b-6264-4f02-89ef-81398b65516a,gjo.kiwi,available,31.98,35.68,medium,low,4,namecheap,,,17/09/2026 05:37
582793f7-1cbd-4e43-b290-63624265a4f4,clown.kiwi,available,31.98,35.68,high,low,5,namecheap,,,22/09/2026 06:35
cccbbf8d-dbe0-4c5f-a190-e9c5bf2a4b3f,slovenian.kiwi,available,31.98,35.68,high,low,9,namecheap,,,10/09/2026 11:19
23f4787c-5cb9-4286-b679-658329a9747c,rca.kiwi,available,31.98,35.68,high,medium,3,namecheap,,,25/09/2026 14:08
c52d588a-c747-4f97-b8fd-8d36c18e691f,keys.kiwi,available,35.68,,high,medium,4,namecheap,,,
a79aa019-a29a-4b5d-9bd8-02a0f8d625d4,defendable.kiwi,available,31.98,35.68,high,low,10,namecheap,,,13/08/2026 23:09
9f026863-be08-4656-af35-d6e0676d47b6,mildness.kiwi,available,31.98,35.68,high,low,8,namecheap,,,24/09/2026 15:30
589b1919-2844-4146-a06c-e78b4c3eae86,betrothed.kiwi,available,31.98,35.68,high,low,9,namecheap,,,09/08/2026 18:07
e2743d8e-d6d3-45ce-8625-dc7bd81fde6a,georgiana.kiwi,available,31.98,35.68,medium,low,9,namecheap,,,30/09/2026 21:21
23c4f723-005a-482e-a519-d4efbbc61cf0,discontinuity.kiwi,available,31.98,35.68,medium,low,13,namecheap,,,30/09/2026 11:55
8039c13a-8f89-47b7-bb0e-74d451359e27,imbricate.kiwi,available,31.98,35.68,medium,low,9,namecheap,,,21/08/2026 20:35
ab90a681-287b-4910-b089-6c551c4561b6,acadia.kiwi,available,42.99,42.99,high,low,6,name.com,,,16/09/2026 20:28
75f4b169-51f7-44f9-b1d4-3dba79215f7d,tot.kiwi,available,31.98,35.68,high,low,3,namecheap,,,22/09/2026 00:39
7e110a32-3425-41a3-9b63-1ccde1b2ff4c,stillborn.kiwi,available,31.98,35.68,medium,low,9,namecheap,,,
e6389ebf-76fc-49c8-a6ca-c1bb721c5901,vociferous.kiwi,available,31.98,35.68,medium,low,10,namecheap,,,12/08/2026 09:21
964b6574-e760-4dc3-8f94-111aa705f843,lachrymal.kiwi,available,31.98,35.68,medium,low,9,namecheap,,,22/08/2026 17:59
87fa1c04-7f9f-4592-86bb-4136081532fd,teaser.kiwi,available,31.98,35.68,high,low,6,namecheap,,,19/09/2026 10:50
5fa9f7a1-ca81-4376-b228-edbe6a0beaca,premature.kiwi,available,31.98,35.68,high,medium,9,namecheap,,,09/09/2026 01:39
65f7a603-b507-499d-949c-d3f4cf6d0a95,cache.kiwi,premium,81.9,81.9,high,low,5,namecheap,,,01/10/2026 01:15
c2f69202-028f-45cf-a25d-449cc4b5be42,adelaide.kiwi,available,31.98,35.68,high,low,8,namecheap,,,17/09/2026 07:13
d8885abe-18f8-47e6-9796-d174432632a3,muse.kiwi,premium,81.9,81.9,high,medium,4,namecheap,,,29/09/2026 13:29
c7e64945-8dfa-4342-b5b2-8dbe76506a9b,touched.kiwi,available,31.98,35.68,high,low,7,namecheap,,,25/08/2026 09:12
590621b3-a4ad-45e3-a51f-055fe7e74abe,nourished.kiwi,available,31.98,35.68,high,low,9,namecheap,,,03/09/2026 22:12
f08f969a-e65e-4d6f-9e90-50e3ddec9bb8,eric.kiwi,premium,81.9,81.9,high,medium,4,namecheap,,,25/09/2026 11:25
cdc36d36-80ce-4462-b190-5cae53fbd110,heartfelt.kiwi,available,31.98,35.68,high,low,9,namecheap,,,21/08/2026 02:11
f2792bac-788c-4173-9565-8a101718ab6d,magdalena.kiwi,available,39.99,39.99,medium,low,9,godaddy,,,28/09/2026 02:17
8232a528-d961-4dff-99f0-cd1f9be47685,georgie.kiwi,available,21.43,21.43,medium,low,7,dynadot,,,30/09/2026 04:43
629a69d8-9424-46c3-b905-9ae957108aa6,comprehensive.kiwi,available,31.98,35.68,medium,low,13,namecheap,,,29/09/2026 02:53
ce89017b-3bc3-4772-a312-c6d96533fb90,essene.kiwi,available,31.98,35.68,high,low,6,namecheap,,,17/08/2026 13:19
229d8334-043f-45ce-aa9b-cb8cf9bd9619,right.kiwi,available,31.98,35.68,high,low,5,namecheap,,,23/09/2026 23:38
b4aeb455-9545-47cc-a07d-aa683484bc8d,jac.kiwi,premium,30.98,30.98,high,low,3,dynadot,,,01/10/2026 11:27
74789632-3e98-4be2-b245-3ddc71ae4bb3,apolune.kiwi,available,31.98,35.68,medium,low,7,namecheap,,,19/09/2026 18:55
3197cf08-71ca-4086-86da-86cf645ea0f8,brewery.kiwi,available,31.98,35.68,high,low,7,namecheap,,,28/09/2026 18:30
a75cea63-bfe8-4dbd-93cd-23234d29cefa,angst.kiwi,available,42.99,42.99,medium,low,5,name.com,,,19/09/2026 07:24
c6b783ed-842c-4285-b804-85fa43f61330,pam.kiwi,available,,,high,high,3,,,,26/09/2026 00:35
6f1a2cfa-672d-4530-8a55-38ee02144857,mayer.kiwi,available,31.98,35.68,high,low,5,namecheap,,,25/09/2026 09:10
9a9161bf-4751-4718-90ee-b70ce70daed4,squashy.kiwi,available,31.98,35.68,medium,low,7,namecheap,,,10/08/2026 17:16
1e7b8d4c-801f-4e54-8bb7-b896b64e00d0,russians.kiwi,available,31.98,35.68,medium,low,8,namecheap,,,27/09/2026 10:58
36790e34-682f-47d0-b9eb-cdf7ea4e6b09,coyne.kiwi,available,21.43,21.43,medium,low,5,dynadot,,,30/09/2026 04:24
f4988894-0cfa-4042-b7e2-adfbb723ff10,dioecious.kiwi,available,31.98,35.68,medium,low,9,namecheap,,,14/08/2026 08:20
41210261-344b-443e-ad4c-67c98bd49b5d,cuddle.kiwi,available,31.98,35.68,high,low,6,namecheap,,,24/09/2026 20:09
dc5ef344-6a42-458b-bc45-def84a8fcfa8,jen.kiwi,available,21.47,21.47,high,low,3,dynadot,,,28/09/2026 03:57
676fa832-1c4a-474d-b61b-a61370f1d8a1,pursy.kiwi,available,31.98,35.68,high,medium,5,namecheap,,,09/09/2026 06:28
a46d5596-db46-43a9-9965-c05019b421e1,louvre.kiwi,available,21.43,21.43,high,low,6,dynadot,,,30/09/2026 10:29
c442db20-8c78-42be-8494-71172b92e2e1,nevis.kiwi,available,31.98,35.68,high,low,5,namecheap,,,29/09/2026 07:42
065de465-fd0a-4f3c-822b-48e67e3e5c30,megalithic.kiwi,available,31.98,35.68,high,low,10,namecheap,,,24/08/2026 19:24
90618ea2-9c98-461d-a591-b3402ed2716f,armoracia.kiwi,available,31.98,35.68,medium,low,9,namecheap,,,20/09/2026 07:23
c8cacfdb-8fd4-4a84-b191-e36d25e04d04,posting.kiwi,available,31.98,35.68,high,low,7,namecheap,,,30/09/2026 06:59
a31a290e-65d9-483c-aa60-384bb62605b5,juridical.kiwi,available,31.98,35.68,medium,low,9,namecheap,,,22/08/2026 14:40
f4c6e094-17c9-4d45-ae9e-dc00594e9b1b,bhakti.kiwi,available,31.98,35.68,high,low,6,namecheap,,,23/09/2026 12:33
c8e3ba2f-b718-4fd7-9de9-400137b43f55,oddish.kiwi,available,31.98,35.68,low,low,6,namecheap,,,04/09/2026 00:50
ff8a0c42-14fa-43ba-89a3-928a2112279e,imprudent.kiwi,available,31.98,35.68,medium,low,9,namecheap,,,21/08/2026 23:23
a00de1ea-e7fa-47d3-be62-31e404e8bfe4,babes.kiwi,available,31.98,35.68,high,low,5,namecheap,,,01/10/2026 16:19
cf778558-d824-4809-a466-9e298616d724,strap.kiwi,available,31.98,35.68,high,low,5,namecheap,,,28/09/2026 10:12
c978d05c-d529-4456-82e2-961f323e5fd1,diversion.kiwi,available,31.98,35.68,high,low,9,namecheap,,,24/09/2026 23:18
76a88354-e2ac-4ee0-8ad1-2a842633776e,rosenbaum.kiwi,available,31.98,35.68,high,low,9,namecheap,,,30/09/2026 05:15
7b042137-ff65-4119-9c06-f0c5d5e2c209,timorese.kiwi,available,31.98,35.68,medium,low,8,namecheap,,,11/09/2026 16:04
a77485f8-4923-4d01-9e3c-cca36c2d6837,holly.kiwi,available,21.52,21.52,high,low,5,dynadot,,,29/09/2026 05:03
ed731160-79b9-497c-8bd3-e0f4fef623c9,untangled.kiwi,available,31.98,35.68,medium,low,9,namecheap,,,12/09/2026 20:57
c4ecdc52-6adc-4bb4-bd8d-50c30abebf4f,accommodate.kiwi,available,31.98,35.68,high,low,11,namecheap,,,30/09/2026 23:34
3dc220d4-e9a4-4893-8edd-19490e9131fe,cabbage.kiwi,premium,41.6,41.6,high,low,7,namecheap,,,29/09/2026 03:24
6880b6cd-82da-4541-accf-abab6e9f0842,calorific.kiwi,available,31.98,35.68,medium,low,9,namecheap,,,11/08/2026 15:12
b7ac8bb2-7dc9-4064-a1af-9f783a22c91f,icebound.kiwi,available,31.98,35.68,medium,low,8,namecheap,,,21/08/2026 17:43
d872f787-4622-4b53-8a95-9620b535f6e3,duchess.kiwi,available,31.98,35.68,high,low,7,namecheap,,,29/09/2026 16:59
c0fba834-9c73-40a1-aa9d-5e362cdef929,adroitly.kiwi,available,31.98,35.68,medium,low,8,namecheap,,,13/09/2026 17:25
db7221fc-f078-4753-8c0b-89617f1c2458,sartre.kiwi,available,31.98,35.68,high,low,6,namecheap,,,29/09/2026 07:22
6e294488-cbc1-4b59-9a54-f0f905ee4ab9,undertake.kiwi,available,31.98,35.68,high,low,9,namecheap,,,24/09/2026 17:44
48edb3c4-6ab2-46ea-9891-9c8a89b3ccda,presents.kiwi,premium,61.1,61.1,high,low,8,namecheap,,,08/09/2026 04:30
60d582d8-974d-496a-a712-f694851d6f14,gallons.kiwi,available,31.98,35.68,low,low,7,namecheap,,,28/09/2026 23:47
29d82094-9824-47f1-b972-71a609015e36,sexist.kiwi,available,31.98,35.68,medium,low,6,namecheap,,,10/09/2026 05:14
486deff7-b425-48fb-8afb-3ec0ef39394f,cosmetics.kiwi,available,21.52,21.52,high,low,9,dynadot,,,29/09/2026 04:53
1229f231-eff0-41c2-9261-23d6ed121a19,plasmas.kiwi,available,31.98,35.68,medium,low,7,namecheap,,,30/09/2026 15:59
d201a535-226f-45fa-a6c1-48d140d0e6e4,blueish.kiwi,available,31.98,35.68,medium,low,7,namecheap,,,22/09/2026 22:51
4d86899a-0868-4aa9-9001-bc5a384948fc,destinations.kiwi,premium,41.6,41.6,high,low,12,namecheap,,,20/09/2026 11:44
23e3a5e8-3a14-4426-9826-c2228d165211,testament.kiwi,available,31.98,35.68,high,low,9,namecheap,,,28/09/2026 20:37
fa7f1f0f-5de7-4ac7-9f2a-4df1cacae4f1,shitlist.kiwi,available,31.98,35.68,medium,low,8,namecheap,,,24/09/2026 00:19
d07c2d91-ccf2-48fe-b0d9-846cb3a5b1d5,touches.kiwi,available,31.98,35.68,medium,low,7,namecheap,,,28/09/2026 04:39
d3d65a99-61b0-44aa-8acc-a15e1929f932,extermination.kiwi,available,31.98,35.68,medium,low,13,namecheap,,,29/09/2026 23:26
784be60e-726f-420e-9bc2-8ad582d56341,nosed.kiwi,available,31.98,35.68,medium,low,5,namecheap,,,03/09/2026 21:45
80d51418-85e9-4db2-a882-f5fc2872222e,barometric.kiwi,available,31.98,35.68,medium,low,10,namecheap,,,08/08/2026 20:06
6bf40eb1-fbce-4ad8-ac9c-887d88a37336,greyish.kiwi,available,31.98,35.68,medium,low,7,namecheap,,,20/08/2026 18:54
a80994d2-6432-4720-bb3e-bbe042d037b1,arjuna.kiwi,available,31.98,35.68,high,low,6,namecheap,,,20/09/2026 06:08
3462e0fa-dd91-4e06-955b-f92f220c0978,attributions.kiwi,available,21.41,21.41,medium,low,12,dynadot,,,01/10/2026 17:31
ed4dd0e8-32f0-4498-a5d2-ab89434f897d,musicals.kiwi,available,31.98,35.68,medium,low,8,namecheap,,,01/10/2026 17:51
831a9534-268a-45e5-8eb2-dd40ec0dedf9,swanky.kiwi,available,31.98,35.68,high,low,6,namecheap,,,11/09/2026 05:15
86e5491e-2f75-46e9-a6d1-102518a4eec3,testator.kiwi,available,31.98,35.68,medium,low,8,namecheap,,,11/09/2026 12:02
2a60bba5-44f8-4c9b-a536-423769a0a5e5,biography.kiwi,available,31.98,35.68,high,low,9,namecheap,,,23/09/2026 18:09
ab08e69b-9ec1-40a6-8fc6-9c0b94a26da5,syllable.kiwi,available,21.52,21.52,high,low,8,dynadot,,,29/09/2026 20:27
bbce7422-82ce-4fb5-b1b6-a9cf8bfa529f,toilet.kiwi,available,31.98,35.68,high,low,6,namecheap,,,27/09/2026 04:48
75546c34-b2c3-426a-9bf3-038681ca1a59,ventral.kiwi,available,31.98,35.68,high,low,7,namecheap,,,
a1560960-3d22-4534-bd29-263fb0f6a117,chopra.kiwi,available,21.43,21.43,medium,low,6,dynadot,,,30/09/2026 16:13
4d187a78-9d12-49fa-8eb7-8c25deda371b,rotational.kiwi,available,31.98,35.68,high,medium,10,namecheap,,,09/09/2026 18:47
61cae7dc-9e1d-4d82-b52d-c1656caf3787,yuki.kiwi,available,21.41,21.41,high,low,4,dynadot,,,01/10/2026 07:57
fc53c261-0e0d-4342-b131-2b317da78288,khyber.kiwi,available,31.98,35.68,medium,low,6,namecheap,,,01/10/2026 04:47
98949df0-4b52-483e-9468-023fa22b452a,triad.kiwi,available,31.98,35.68,high,low,5,namecheap,,,
160456dd-db78-4993-ae1b-5d4ddc72a7bc,chiang.kiwi,available,31.98,35.68,medium,low,6,namecheap,,,25/09/2026 16:34
38b8e042-7743-4685-ac50-fcab33b20ce2,objector.kiwi,available,31.98,35.68,medium,low,8,namecheap,,,14/08/2026 12:43
b408a5d6-683b-43fd-82fc-1bdc062ba0a7,citrin.kiwi,available,31.98,35.68,high,low,6,namecheap,,,23/09/2026 18:00
1eaa9976-22c1-4723-9770-514afd4978ce,altar.kiwi,available,31.98,35.68,high,low,5,namecheap,,,18/09/2026 14:32
b606dd67-af61-48f5-a857-2fc1bc2f65b5,northwards.kiwi,available,31.98,35.68,medium,low,10,namecheap,,,03/09/2026 21:25
59557007-0513-436b-b97b-20a07e336829,dislocated.kiwi,available,31.98,35.68,medium,low,10,namecheap,,,14/08/2026 11:31
c7aec923-7f22-424e-b185-23f2fcbe8e69,fingerless.kiwi,available,31.98,35.68,medium,low,10,namecheap,,,18/08/2026 04:55
c42e321d-6ce6-4edb-b9ff-51f6484db304,podlike.kiwi,available,31.98,35.68,medium,low,7,namecheap,,,08/09/2026 22:31
84214866-504a-4dd5-be98-8123e107fa31,commentate.kiwi,available,21.43,21.43,high,low,10,dynadot,,,30/09/2026 17:26
d63c2558-ed13-47d4-ac3b-314fcf9366db,altaic.kiwi,available,31.98,35.68,medium,low,6,namecheap,,,
745c304a-7e5a-4949-a650-c6748ba637f2,anklet.kiwi,available,31.98,35.68,high,low,6,namecheap,,,19/09/2026 09:41
d6d92607-7a10-48a7-bdeb-845336357074,platforms.kiwi,available,39.99,39.99,medium,low,9,godaddy,,,01/10/2026 00:18
9d7c0170-38d6-4b36-ad0e-716491a6e477,antiblack.kiwi,available,31.98,35.68,low,low,9,namecheap,,,
dce9b77b-2b2b-4638-aaab-7a28b0f62d1b,faecal.kiwi,available,31.98,35.68,medium,low,6,namecheap,,,17/08/2026 20:36
74c5f21f-0eac-4a08-8d85-d3a517975d74,endermic.kiwi,available,31.98,35.68,medium,low,8,namecheap,,,17/08/2026 00:56
a7d553c7-c8ff-47ca-a068-ff7f6582335f,skewed.kiwi,available,31.98,35.68,medium,low,6,namecheap,,,10/09/2026 09:28
887695ce-ea12-48f2-bf46-f1e0c09ac7eb,disapproval.kiwi,available,35.68,,medium,low,11,namecheap,,,
18dab1d6-b887-45ba-a9df-619c15a6e0d4,honoring.kiwi,available,21.52,21.52,high,low,8,dynadot,,,29/09/2026 13:04
fdf2864a-fa74-465f-804c-eb1bc20a9ea1,consumers.kiwi,premium,81.9,81.9,medium,low,9,namecheap,,,29/09/2026 02:36
c25fb825-152e-4b60-ab1f-cef010ee0414,irregular.kiwi,available,31.98,35.68,high,low,9,namecheap,,,25/09/2026 11:26
bacac244-4d3e-4073-961c-22de5d228408,mayor.kiwi,available,31.98,35.68,high,low,5,namecheap,,,24/09/2026 15:10
7762d053-225a-41d9-8cba-898ad22e9223,forms.kiwi,premium,61.1,61.1,high,low,5,namecheap,,,17/09/2026 09:39
aee45800-8a25-45b5-9ddd-9aa9c81e95b8,easements.kiwi,available,21.43,21.43,medium,low,9,dynadot,,,30/09/2026 15:56
ec503a7e-ba50-4a8f-a065-88cdded78258,encouragement.kiwi,available,31.98,35.68,medium,low,13,namecheap,,,28/09/2026 22:35
12b99a26-1a26-4686-bdeb-7b7469d0c637,muggy.kiwi,available,31.98,35.68,medium,low,5,namecheap,,,03/09/2026 10:31
5e29bdc0-34e5-4568-8b6b-6cd916f10a13,recreated.kiwi,available,31.98,35.68,medium,low,10,namecheap,,,09/09/2026 10:49
95e6c52f-0737-40df-94a9-2ea858410cff,wausau.kiwi,available,31.98,35.68,high,low,6,namecheap,,,01/10/2026 22:03
bfa4caaf-0bca-4643-aca7-661c6d7aec01,carnal.kiwi,available,31.98,35.68,high,low,6,namecheap,,,
cee86088-f996-44c9-bfc7-8dde6ef25e6b,postwar.kiwi,available,31.98,35.68,high,low,7,namecheap,,,09/09/2026 00:42
d59d3f06-84b3-4f79-8948-a7056876899d,mona.kiwi,available,31.98,35.68,high,low,4,namecheap,,,19/09/2026 06:28
0ffd04dc-6bee-470a-acbd-cbf4ddd2470d,tarry.kiwi,available,31.98,35.68,medium,low,5,namecheap,,,09/09/2026 15:16
2aa8916b-d2b8-4ef7-b28c-7c9ec2f91d16,distressed.kiwi,available,31.98,35.68,medium,low,10,namecheap,,,14/08/2026 12:16
a89f577f-be33-4445-b075-25852f2e80fd,culpable.kiwi,available,31.98,35.68,medium,low,8,namecheap,,,10/08/2026 12:34
adebc872-cc9d-467c-8e64-26f03a4ddf55,sociological.kiwi,available,21.28,21.28,high,low,12,dynadot,,,02/10/2026 01:58
20b57b05-83d8-45f6-a253-179bedbce0fd,werner.kiwi,available,31.98,35.68,high,low,6,namecheap,,,25/09/2026 21:47
bb82a8ac-ddf3-4d0a-bced-c73ea5669c15,region.kiwi,premium,62.04,62.04,high,low,6,dynadot,,,30/09/2026 09:23
566fe8ae-da95-4135-a3ff-f38c4e37b93d,bedspread.kiwi,available,31.98,35.68,high,low,9,namecheap,,,22/09/2026 22:52
c2b76853-3017-4764-8d82-92dc1e8adbc9,idk.kiwi,available,35.68,,medium,low,3,namecheap,,,
a64aa193-d864-4a1e-a896-18ca01121c54,priesthood.kiwi,available,31.98,35.68,high,low,10,namecheap,,,30/09/2026 10:54
a1510ede-1b9b-4fcf-aefc-e3e27f36c221,fdic.kiwi,available,31.98,35.68,medium,low,4,namecheap,,,30/09/2026 01:36
1e9642f0-b83b-4fe8-b563-41a0ba6b8a79,jurisdiction.kiwi,available,31.98,35.68,high,low,12,namecheap,,,28/09/2026 22:34
d4a923ff-3ed5-447a-a250-eabb22b23434,tsr.kiwi,available,31.98,35.68,high,low,3,namecheap,,,01/10/2026 06:45
afb84149-b304-4cc7-8c06-c41937c0ffdf,musique.kiwi,available,21.52,21.52,high,low,7,dynadot,,,29/09/2026 10:25
1613fe0f-0a4f-4cbf-a551-abf541e0fc9c,tunic.kiwi,available,31.98,35.68,high,low,5,namecheap,,,17/09/2026 10:34
7c9527f0-7746-4b78-b008-6ddabe3d2ad8,bordello.kiwi,available,31.98,35.68,medium,low,8,namecheap,,,21/09/2026 18:17
7c36cde7-a35a-4cea-85b0-1fccc3631c70,dickerson.kiwi,available,21.52,21.52,medium,low,9,dynadot,,,29/09/2026 09:51
bcf0581f-36c3-49d1-a990-9ff61d18a01e,homosexuality.kiwi,available,21.52,21.52,high,low,13,dynadot,,,29/09/2026 10:16
7ea68810-f9f8-45cf-a7bd-e4a2a386a4c0,koh.kiwi,available,21.52,21.52,medium,low,3,dynadot,,,29/09/2026 04:20
74262a6d-c69d-4cd1-8c9f-90af7b7f440f,colouring.kiwi,available,31.98,35.68,high,low,9,namecheap,,,12/08/2026 17:33
fd7f30c7-fdb1-433a-bba2-d1fc00e338e4,soundproof.kiwi,available,31.98,35.68,high,medium,10,namecheap,,,10/09/2026 14:44
cfda9d1b-b813-4509-b2db-d5ca7d28f192,initiate.kiwi,available,31.98,35.68,high,low,8,namecheap,,,17/08/2026 09:35
5cb9afd0-2f30-41b3-a5e1-829e85815632,alarm.kiwi,premium,73.08,73.08,high,low,5,name.com,,,
4e1e8c91-3cfb-4e95-a691-112cda66a77d,animals.kiwi,premium,74.39,,high,low,7,name.com,,,
56a4fff7-e8a7-4fbc-9ab7-073c8da0f19c,fossil.kiwi,available,31.98,35.68,high,medium,6,namecheap,,,18/08/2026 13:05
0dcf06d3-30bb-4639-bcc2-19bad8b7f9c4,boffo.kiwi,available,31.98,35.68,high,low,5,namecheap,,,10/08/2026 16:57
149a767a-3fc5-4f43-9af3-dcb69b7f3cb9,mime.kiwi,available,31.98,35.68,high,low,4,namecheap,,,24/08/2026 23:33
c5f8493e-80c5-4b55-beff-153933f7b7bb,syncretic.kiwi,available,31.98,35.68,high,low,9,namecheap,,,11/09/2026 06:21
ddd8632e-d371-400e-815a-91afc44b2132,westwards.kiwi,available,31.98,35.68,medium,low,9,namecheap,,,13/09/2026 11:02
0f6dc163-463a-4959-8db3-c4b6430b183d,bassist.kiwi,available,31.98,35.68,high,low,7,namecheap,,,22/09/2026 12:26
dc41d2fc-98e0-4d76-8542-3b6fbfaa06e3,desiccated.kiwi,available,31.98,35.68,medium,low,10,namecheap,,,14/08/2026 03:33
dda3e641-5681-4b8c-9cd9-c4df880238ea,subsequent.kiwi,available,31.98,35.68,high,low,10,namecheap,,,11/09/2026 00:44
a2dfde26-2f07-4bff-b441-4982ec60988d,ventures.kiwi,available,31.98,35.68,high,low,8,namecheap,,,01/10/2026 17:59
0c4e0dad-db7b-471b-8f96-05b58c410ea5,propel.kiwi,available,31.98,35.68,high,low,6,namecheap,,,09/09/2026 03:16
6cd83c73-1b0b-491f-a113-82c67b68524c,sponsorship.kiwi,available,31.98,35.68,high,low,11,namecheap,,,30/09/2026 23:15
ab07e2c3-0dfc-4a7d-b871-4fe79cf93393,raids.kiwi,available,31.98,35.68,medium,low,5,namecheap,,,30/09/2026 07:30
50cf817a-ab10-40b6-8590-f566d2a5cf86,agential.kiwi,available,31.98,35.68,medium,low,8,namecheap,,,
2607ac3f-7726-42ee-bde0-cca54767dff1,readings.kiwi,available,31.98,35.68,medium,low,8,namecheap,,,28/09/2026 23:42
688597e7-4094-4eb2-b99a-c69138ec58fa,mayflower.kiwi,available,21.43,21.43,high,low,9,dynadot,,,30/09/2026 17:12
eb7c4e66-754a-4837-a813-71ccf39c84d9,smartphone.kiwi,available,31.98,35.68,high,medium,10,namecheap,,,02/10/2026 00:32
63ec81ea-c880-475e-809a-a5db5f1d4290,elmore.kiwi,available,31.98,35.68,medium,low,6,namecheap,,,29/09/2026 10:03
ee97fcab-ba3f-4923-adc0-09cbd723a8d6,bellyache.kiwi,available,31.98,35.68,medium,low,9,namecheap,,,23/09/2026 00:26
da9a4582-7473-4e50-b0eb-5ba29be3960a,curium.kiwi,available,31.98,35.68,medium,low,6,namecheap,,,21/09/2026 00:13
95d171fb-0b4c-4ddf-a8fc-d9fedfb06fde,rockland.kiwi,available,21.47,21.47,high,low,8,dynadot,,,28/09/2026 11:44
78ae44c2-8185-4792-8ebe-05e13663a980,sultan.kiwi,available,21.52,21.52,high,low,6,dynadot,,,29/09/2026 12:57
17755fbf-79fd-4100-b113-2fb9bce28cb1,visited.kiwi,available,31.98,35.68,high,low,7,namecheap,,,01/10/2026 19:56
4f155ec7-ae3c-4609-abf3-a148ff41bd22,augend.kiwi,available,31.98,35.68,medium,low,6,namecheap,,,21/09/2026 03:16
1ff1ddc0-9bdd-414b-a1bc-fb34c0818c36,reduced.kiwi,available,31.98,35.68,medium,low,7,namecheap,,,13/08/2026 22:10
23c6b72f-7b49-4d99-a173-4b382dc2eb1e,protected.kiwi,available,31.98,35.68,high,low,9,namecheap,,,27/09/2026 07:42
cfeabf04-5466-42b2-8911-cec7c9cf9859,latina.kiwi,premium,81.9,81.9,high,medium,6,namecheap,,,28/09/2026 11:11
2e425fc0-7fc1-4bbd-a3f5-b1a5debb5ea1,inductive.kiwi,available,31.98,35.68,medium,low,9,namecheap,,,22/08/2026 03:29
864753ea-2e63-4e93-ad2b-740de2d34b22,med.kiwi,available,31.98,35.68,high,medium,3,namecheap,,,01/10/2026 20:29
af3eadf9-2937-4518-b2a9-d6a6cec6c7e1,gamble.kiwi,premium,202.8,202.8,high,low,6,namecheap,,,17/09/2026 10:37
2eb69fdb-36c1-44db-a8d1-d010086a6a20,nanjing.kiwi,available,31.98,35.68,medium,low,7,namecheap,,,28/09/2026 10:29
b42059d3-8f0e-4d48-8aec-a336509fde64,angioma.kiwi,available,31.98,35.68,medium,low,7,namecheap,,,19/09/2026 06:14
6acd9ee0-2df0-487f-b945-1cc394754f3b,stylized.kiwi,available,31.98,35.68,high,low,8,namecheap,,,08/09/2026 05:30
e837f543-2962-47b9-955c-265f4be7c94f,birchbark.kiwi,available,31.98,35.68,medium,low,9,namecheap,,,23/09/2026 19:23
8f84b0e8-fb2d-4701-b271-2be4d7b5d51a,stowe.kiwi,available,21.47,21.47,medium,low,5,dynadot,,,28/09/2026 14:23
e00985ac-7a8c-4896-9b74-136885e41d7a,encodes.kiwi,available,21.47,21.47,low,low,7,dynadot,,,28/09/2026 17:50
f84dcff2-4a08-46bc-82cc-64dd7f304c33,mats.kiwi,premium,46.53,46.53,high,low,4,dynadot,,,30/09/2026 14:06
6eb31171-84ab-4d8e-85f4-6bc0b1dbf909,cover.kiwi,premium,61.1,61.1,high,low,5,namecheap,,,22/09/2026 21:52
b27ed7bf-b5d0-41c9-b352-b12dcf0b5bec,act.kiwi,premium,81.9,81.9,high,medium,3,namecheap,,,28/09/2026 18:03
2c9f583b-5fe7-43c4-b088-2028a85d9d5e,gilman.kiwi,available,21.47,21.47,medium,low,6,dynadot,,,28/09/2026 09:22
afb51134-7140-4288-a4c2-378057ec0540,blemish.kiwi,available,31.98,35.68,medium,low,7,namecheap,,,24/09/2026 05:30
8c9cd24a-8f1e-4863-b7fa-8a21fc0ad222,mixologist.kiwi,available,31.98,35.68,medium,low,10,namecheap,,,22/09/2026 06:27
21161d45-13f5-450b-abac-db21e1c2fe10,complain.kiwi,available,31.98,35.68,high,low,8,namecheap,,,27/09/2026 03:57
41324b80-280b-446f-9d40-c815ce3fff7e,psychiatrists.kiwi,available,31.98,35.68,medium,low,13,namecheap,,,01/10/2026 00:58
c4f95dc1-ba7e-4b2d-81fe-b2c584370139,fourscore.kiwi,available,31.98,35.68,medium,low,9,namecheap,,,
19daac23-19a7-41f2-a0b7-d71198460cfd,mosby.kiwi,available,21.43,21.43,medium,low,5,dynadot,,,30/09/2026 05:30
e1d28168-916d-4663-99ba-7afdf83d28b6,clemens.kiwi,available,31.98,35.68,high,low,7,namecheap,,,27/09/2026 12:32
e68c7e4d-2c79-49da-a4b5-8cec8c78cce4,authorship.kiwi,available,31.98,35.68,high,low,10,namecheap,,,21/09/2026 05:26
c73d46f2-5068-45d1-927c-0e5c2e9485da,humbled.kiwi,available,31.98,35.68,medium,low,7,namecheap,,,21/08/2026 15:00
91bdc6b5-62c8-405b-9513-dfda1723fec4,loopy.kiwi,available,31.98,35.68,medium,low,5,namecheap,,,06/08/2026 21:22
b0f972e3-53fa-41fa-bf32-909f83f9c0d9,moistness.kiwi,available,42.99,42.99,medium,low,9,name.com,,,13/08/2026 16:47
43a40c80-595e-4138-9103-5d09ab6af4e9,profess.kiwi,available,31.98,35.68,high,low,7,namecheap,,,30/09/2026 17:40
8252f5d5-1f6b-406e-b0cf-a87218c269cd,gull.kiwi,available,31.98,35.68,high,low,4,namecheap,,,12/08/2026 15:08
85dbb731-9e99-4fda-8e8e-80fbece8243f,choked.kiwi,available,31.98,35.68,medium,low,6,namecheap,,,12/08/2026 06:39
d861ae7d-7ae0-47df-b9ea-d2403b48193c,solely.kiwi,available,31.98,35.68,high,low,6,namecheap,,,
f63751a7-2685-49d0-9ce6-2fa74f111da0,wapiti.kiwi,available,31.98,35.68,medium,low,6,namecheap,,,18/09/2026 19:45
b39c2fa3-6637-4408-a1c5-3657d201f973,broderick.kiwi,available,31.98,35.68,high,low,9,namecheap,,,29/09/2026 21:41
2b0bff00-c9bc-44fd-90f5-276ee4510b98,peninsula.kiwi,available,21.43,21.43,high,low,9,dynadot,,,30/09/2026 06:35
e7e64470-639b-4fe2-a408-2cc2eee386fd,offprint.kiwi,available,31.98,35.68,medium,low,8,namecheap,,,10/09/2026 03:57
2b214481-8f77-4fe4-95a4-5b095e75b185,noam.kiwi,available,21.41,21.41,high,low,4,dynadot,,,02/10/2026 00:46
672a4f39-b6c8-4fc2-8bb6-644601fbcd90,tailless.kiwi,available,31.98,35.68,medium,low,8,namecheap,,,05/08/2026 21:33
5bf893f7-f373-4961-b6c9-e684bb9f3b13,staged.kiwi,available,31.98,35.68,high,low,6,namecheap,,,10/09/2026 18:02
3cd56b0d-f9d6-48df-b683-d152ce3a359e,shoes.kiwi,premium,62.04,62.04,high,low,5,dynadot,,,30/09/2026 11:10
28324b32-b9d8-459d-9fec-55592c28e6d3,kee.kiwi,available,21.52,21.52,medium,low,3,dynadot,,,30/09/2026 00:37
5c319fc3-e6c6-48ff-8f07-3a105982fa35,keene.kiwi,available,21.47,21.47,high,low,5,dynadot,,,28/09/2026 03:36
53beb69f-e5af-4863-a941-6cff232120e4,diaphragm.kiwi,available,31.98,35.68,high,low,9,namecheap,,,30/09/2026 09:15
0cebdf17-0730-4920-a9c0-433577097b59,avenger.kiwi,available,31.98,35.68,high,low,7,namecheap,,,21/09/2026 08:56
fa656228-ac51-40e8-bc7c-021b448cf769,cemeteries.kiwi,available,21.43,21.43,medium,low,10,dynadot,,,30/09/2026 14:40
c577c5e9-a5f0-4a9f-9687-b973a11724b1,judd.kiwi,available,31.98,35.68,medium,low,4,namecheap,,,27/09/2026 07:52
d37aec8b-5e74-47e2-acde-9a3334ccaa68,misfortune.kiwi,available,31.98,35.68,medium,low,10,namecheap,,,21/09/2026 16:43
226de477-69f2-48f1-ae9b-d085dc94b406,labeled.kiwi,available,31.98,35.68,high,low,7,namecheap,,,22/08/2026 17:13
23284a15-c1c0-47fb-b96c-1195c4ed3c24,wartime.kiwi,available,31.98,35.68,high,low,7,namecheap,,,30/09/2026 11:19
9823150a-27ce-45d0-a349-703327eba930,tactual.kiwi,available,31.98,35.68,medium,low,7,namecheap,,,21/08/2026 00:04
68fdd6bb-5754-4ca1-bf63-f5e80f5b1eb8,mistakes.kiwi,available,31.98,35.68,medium,low,8,namecheap,,,16/09/2026 10:20
4c1d85fb-9962-48b8-91a1-33ae619f5092,solidus.kiwi,available,42.99,42.99,high,low,7,name.com,,,23/09/2026 12:18
b9f826cb-49e8-4530-8e30-1064eefe92c1,unspoilt.kiwi,available,31.98,35.68,medium,low,8,namecheap,,,12/09/2026 07:10
e22bfa0b-be46-45a0-927d-77568992df8a,loosen.kiwi,available,31.98,35.68,high,low,6,namecheap,,,29/09/2026 20:44
c723aa69-8888-480e-a4ff-188cda978041,malayalam.kiwi,available,31.98,35.68,high,low,9,namecheap,,,30/09/2026 17:57
431008b2-0806-429b-bcab-bfc553a41564,sailors.kiwi,available,21.47,21.47,medium,low,7,dynadot,,,28/09/2026 13:06
a51a7d69-1021-41ab-aceb-8a12c9216c23,dahna.kiwi,available,31.98,35.68,medium,low,5,namecheap,,,19/09/2026 23:21
4ef52531-22cd-46d4-9160-f6fd765dc1ef,damning.kiwi,available,42.99,42.99,medium,low,7,name.com,,,13/08/2026 16:33
41fad18e-afa4-4e71-91a6-ad5ed3627881,oak.kiwi,available,21.43,21.43,high,low,3,dynadot,,,30/09/2026 05:55
175d83d7-d478-4295-aca0-50c2567ea04d,dealership.kiwi,available,31.98,35.68,high,low,10,namecheap,,,29/09/2026 06:18
cac14a15-57e8-4418-b65b-50bbcb7537c5,predicted.kiwi,available,21.47,21.47,medium,low,9,dynadot,,,28/09/2026 23:02
83061f64-787f-4890-bd79-8b3b94013bcf,concise.kiwi,available,31.98,35.68,high,low,7,namecheap,,,23/09/2026 19:03
8317d6e2-0941-4dc2-9f31-1cbdb21ea80c,amusing.kiwi,available,31.98,35.68,high,low,7,namecheap,,,
9c907998-74e2-40a1-897d-02d0999d46c4,celine.kiwi,available,31.98,35.68,high,medium,6,namecheap,,,01/10/2026 09:25
ae4b2836-3624-448c-9e40-49dbe9563336,transverse.kiwi,available,31.98,35.68,high,low,10,namecheap,,,13/08/2026 07:54
c24c1645-becf-4241-889a-e4a858426c17,galley.kiwi,available,31.98,35.68,medium,low,6,namecheap,,,01/10/2026 01:14
e7e57706-0aa6-4947-82f9-5685666f8666,brightest.kiwi,available,21.43,21.43,medium,low,9,dynadot,,,30/09/2026 06:56
158822b3-51a9-44e0-a73d-53c3e4149ee7,hoop.kiwi,available,31.98,35.68,high,low,4,namecheap,,,22/09/2026 11:23
7946afcc-042c-43bb-854f-4e2dd1759b1d,unhappy.kiwi,available,31.98,35.68,high,low,7,namecheap,,,25/09/2026 23:09
afbe26ce-904f-43ae-b9c8-c921d31949a5,shouted.kiwi,available,21.72,21.72,high,low,7,dynadot,,,27/09/2026 21:20
016bd0ff-fd31-42ff-bddc-dc4782c745e7,clack.kiwi,available,31.98,35.68,medium,low,5,namecheap,,,23/09/2026 23:30
dd783990-110f-449b-a5c6-79d6c807f4eb,phallic.kiwi,available,31.98,35.68,medium,low,7,namecheap,,,08/09/2026 18:31
ddb08aba-18a3-4d36-a23e-55e3c961c54b,bertram.kiwi,available,31.98,35.68,high,low,7,namecheap,,,02/10/2026 00:06
a7613bd0-d001-4a20-b945-37d83eb8700c,marie.kiwi,available,31.98,35.68,high,low,5,namecheap,,,25/09/2026 17:44
8efc89f5-6390-4dd5-b73c-7bb4ed8436ae,saharan.kiwi,available,31.98,35.68,high,medium,7,namecheap,,,09/09/2026 20:49
a12ede4a-2dee-4257-a677-a14470df33c3,swartz.kiwi,available,21.43,21.43,medium,low,6,dynadot,,,30/09/2026 13:43
f55e14cd-c77a-4bd5-90b1-7488ebd2d1f4,deficit.kiwi,available,21.52,21.52,high,low,7,dynadot,,,29/09/2026 13:33
324cf0d4-1b20-49f5-853c-d5356cd3ee6d,jadestone.kiwi,available,31.98,35.68,medium,low,9,namecheap,,,22/08/2026 11:54
6c969fc6-5b80-4248-ad17-57330a6d8da5,nibbed.kiwi,available,31.98,35.68,low,low,6,namecheap,,,03/09/2026 16:57
bbfe2d4e-ddec-489f-95b9-8573c379684b,hearings.kiwi,available,31.98,35.68,medium,low,8,namecheap,,,29/09/2026 23:58
d29e70b2-38f6-458a-88bd-91f4184b06ba,synaptic.kiwi,available,31.98,35.68,high,low,8,namecheap,,,11/09/2026 06:09
335a0ffe-7686-45f6-a522-966214ac6875,respective.kiwi,available,21.43,21.43,medium,low,10,dynadot,,,30/09/2026 14:27
44e9c95f-6912-4d61-ab6a-9ddc817acf55,segregated.kiwi,available,31.98,35.68,medium,low,10,namecheap,,,10/09/2026 01:51
6faa9f11-7c5a-4c7c-bd46-3f18fe8a6807,perceive.kiwi,available,21.52,21.52,high,low,8,dynadot,,,29/09/2026 20:45
a6b7f33b-e84a-4976-8f58-7749d38f489d,preserved.kiwi,available,31.98,35.68,high,low,9,namecheap,,,27/09/2026 05:50
629f58f2-77b2-4037-bd27-027a3c5e4a6d,cancer.kiwi,premium,81.9,81.9,high,medium,6,namecheap,,,29/09/2026 06:28
624ae19f-392d-4145-b01f-9819efa60b70,attainment.kiwi,available,31.98,35.68,high,low,10,namecheap,,,17/09/2026 02:38
8e7dc2c5-f693-4446-80f1-8278458b7b15,novosibirsk.kiwi,available,21.43,21.43,medium,low,11,dynadot,,,30/09/2026 05:10
1be79f73-f333-49db-aec4-3bfb56e9c1ed,yawn.kiwi,available,31.98,35.68,medium,low,4,namecheap,,,28/09/2026 11:12
3a54f91b-9f97-435b-b44c-6e39f510b5a5,cathartic.kiwi,available,31.98,35.68,high,low,9,namecheap,,,05/08/2026 22:20
013cc7a6-3277-434b-9ec3-009848a991c9,market.kiwi,premium,81.9,81.9,high,medium,6,namecheap,,,19/09/2026 13:41
769a951c-36d6-442f-a8b3-14181a83c9f9,veggies.kiwi,available,31.98,35.68,high,low,7,namecheap,,,18/09/2026 15:41
a114056d-33e4-4546-96cd-80fa36c883d9,cappuccino.kiwi,available,31.98,35.68,high,low,10,namecheap,,,29/09/2026 07:24
a9d270e1-9ffe-46ac-a930-be91603aadb9,clears.kiwi,available,31.98,35.68,high,low,6,namecheap,,,29/09/2026 17:52
0069b20d-6328-4b00-81e0-892d93e951f3,flawless.kiwi,available,31.98,35.68,high,low,8,namecheap,,,18/08/2026 07:19
7ebec81c-b76b-46f6-8b4b-a8fa7695050f,secure.kiwi,available,31.98,35.68,high,medium,6,namecheap,,,01/10/2026 03:45
15b299b4-12cd-4df1-a8ce-21d5365e297c,blazers.kiwi,available,31.98,35.68,medium,low,7,namecheap,,,20/09/2026 11:38
cf2cf606-2f34-466e-9774-51b8eb783051,tragedies.kiwi,available,31.98,35.68,low,low,9,namecheap,,,02/10/2026 03:44
e83521e6-b435-4220-beea-2ec6dc2a2ec3,moe.kiwi,available,31.98,35.68,high,medium,3,namecheap,,,28/09/2026 12:10
b4b72b37-4fa5-4e33-9083-3ea65856d59c,untalented.kiwi,available,31.98,35.68,medium,low,10,namecheap,,,11/09/2026 07:26
e5cf74da-07eb-422d-bafc-cb22ee44e26b,cures.kiwi,available,31.98,35.68,medium,low,5,namecheap,,,02/10/2026 03:22
0671af59-c5dc-4526-8942-1124aa1d9b6b,stroma.kiwi,available,21.41,21.41,medium,low,6,dynadot,,,01/10/2026 21:54
e68356f5-d87a-44ab-be82-64d529059602,rugs.kiwi,available,31.98,35.68,medium,low,4,namecheap,,,02/10/2026 03:20
8f417c1c-9e34-4533-94cf-eb3091190b78,mes.kiwi,available,21.52,21.52,high,low,3,dynadot,,,29/09/2026 16:28
52ae5546-d817-42c3-9106-ffc1378007ce,panting.kiwi,available,21.41,21.41,medium,low,7,dynadot,,,01/10/2026 03:15
894ed8be-578b-4f1f-8c36-1b842a6fa5b6,mantrap.kiwi,available,31.98,35.68,medium,low,7,namecheap,,,22/08/2026 16:50
dd65928b-02da-4a46-a95d-4a37a872c55c,archduke.kiwi,available,31.98,35.68,high,low,8,namecheap,,,20/09/2026 01:54
f9c20fd8-b374-46ef-bfcb-a01402cb3395,beggars.kiwi,available,21.41,21.41,medium,low,7,dynadot,,,01/10/2026 17:57
6d576f5a-fa64-416f-a5d7-08b60dc75127,broached.kiwi,available,31.98,35.68,medium,low,8,namecheap,,,
13a42b46-424d-4a3c-bede-187e8d69d685,overflowing.kiwi,available,21.41,21.41,high,low,11,dynadot,,,01/10/2026 05:59
4f063413-4f96-4b75-83fd-23ed32946e52,basically.kiwi,available,21.47,21.47,medium,low,9,dynadot,,,28/09/2026 13:22
5c5763c0-6ed4-4257-b3fe-f5fda5b82499,conclusion.kiwi,available,31.98,35.68,high,low,10,namecheap,,,30/09/2026 14:56
d7a108a1-336e-48ec-88e4-322b11fc07a4,fellowing.kiwi,available,31.98,35.68,medium,low,9,namecheap,,,20/09/2026 20:26
b5c53246-7c61-4b28-98da-0f27410d10bf,hana.kiwi,available,31.98,35.68,high,low,4,namecheap,,,29/09/2026 22:11
acb90d4c-ecfc-4e38-9017-91f919ce0329,isolation.kiwi,available,31.98,35.68,high,low,9,namecheap,,,24/09/2026 16:00
8b0d44fc-564c-4b7d-9469-e11253d849c2,cadaverous.kiwi,available,31.98,35.68,medium,low,10,namecheap,,,10/08/2026 18:51
574d07bb-6ce2-4e99-b6cb-928b526ea24c,aphotic.kiwi,available,31.98,35.68,medium,low,7,namecheap,,,05/08/2026 23:37
f5bae94c-bfef-4fbd-8576-634c259d62be,square.kiwi,available,31.98,35.68,high,medium,6,namecheap,,,19/09/2026 16:04
b60b137a-8d81-417e-95ac-d34286e21efe,erst.kiwi,available,31.98,35.68,high,low,4,namecheap,,,17/08/2026 13:07
96027394-8683-4558-9e70-ac213c60b044,cashed.kiwi,available,31.98,35.68,high,low,6,namecheap,,,11/08/2026 20:15
495ef04d-006b-46ed-862c-4f91a155833b,resorts.kiwi,premium,58.5,58.5,medium,low,7,namecheap,,,02/10/2026 03:30
974ee602-6b8a-4982-802f-f955cdf52e25,terbium.kiwi,available,31.98,35.68,medium,low,7,namecheap,,,20/09/2026 23:28
a379c69c-a04d-4830-93f1-335f3212dce0,stael.kiwi,available,31.98,35.68,medium,low,5,namecheap,,,22/09/2026 07:38
fb298968-0414-4134-aaa7-a260b8fceb1b,sensors.kiwi,available,21.47,21.47,medium,low,7,dynadot,,,28/09/2026 09:09
42f1ba16-5922-4bee-ba0a-b91d4e99f987,atole.kiwi,available,31.98,35.68,medium,low,5,namecheap,,,20/09/2026 21:52
e1cdc668-a671-42be-8b5a-855e4cc35812,aqualung.kiwi,available,31.98,35.68,medium,low,8,namecheap,,,19/09/2026 22:54
88030954-ed0d-4680-b168-0d9508ad3168,tierce.kiwi,available,31.98,35.68,medium,low,6,namecheap,,,
2071656a-1c3d-4459-bad3-9faabe89ec5d,aliveness.kiwi,available,31.98,35.68,medium,low,9,namecheap,,,18/09/2026 08:09
dcf7eef8-918f-4398-b3d8-80f8a5a3cfe4,reputedly.kiwi,available,31.98,35.68,medium,low,9,namecheap,,,15/09/2026 23:20
810417d0-a0bd-4f63-9bbb-d69787c224cf,cipher.kiwi,available,31.98,35.68,high,low,6,namecheap,,,08/09/2026 15:11
da5c10c9-d053-48ae-88df-add5ba4c6250,ashok.kiwi,available,21.41,21.41,medium,low,5,dynadot,,,01/10/2026 12:17
773783f6-8c62-43d9-8e63-29c0162df09c,woodbridge.kiwi,available,31.98,35.68,high,low,10,namecheap,,,28/09/2026 16:49
39e30484-9a2d-4151-b45f-1f6aaaf21624,eec.kiwi,available,21.47,21.47,high,low,3,dynadot,,,29/09/2026 00:28
b021f41d-a2e7-4e9b-9340-fcf18cdc9556,manhattan.kiwi,available,31.98,35.68,high,low,9,namecheap,,,25/09/2026 23:31
f35ef53b-79ff-45d9-a05c-ceaacba828e3,funds.kiwi,premium,155.72,155.72,high,low,5,dynadot,,,29/09/2026 07:34
3fab0e17-8015-47ba-8f5d-17d3c1dd687a,semi.kiwi,available,31.98,35.68,high,low,4,namecheap,,,20/09/2026 11:18
3054c87d-0814-412d-9898-04b2da8e0549,outward.kiwi,available,31.98,35.68,high,low,7,namecheap,,,04/09/2026 19:00
4cda4884-c0b8-47cf-b912-7965a02a73b5,withdraw.kiwi,available,31.98,35.68,high,low,8,namecheap,,,24/09/2026 19:10
cf6a5fd8-dc05-41b5-b0ec-e5836791703d,aperiodic.kiwi,available,31.98,35.68,medium,low,9,namecheap,,,05/08/2026 22:30
7c54ab67-2fbc-4e3d-a828-b594e4bc9076,entangled.kiwi,available,31.98,35.68,medium,low,9,namecheap,,,16/08/2026 13:26
ac1b4e18-5ca5-4b3f-9382-8f86a94390b5,falling.kiwi,available,31.98,35.68,high,low,7,namecheap,,,14/08/2026 19:49
f6d0e81c-64b2-4271-a1fe-363788f3429d,leisure.kiwi,available,31.98,35.68,high,low,7,namecheap,,,01/10/2026 20:30
d1c9511c-3377-44da-a711-bf565123ca72,billed.kiwi,available,31.98,35.68,high,low,6,namecheap,,,09/08/2026 21:23
199e5e40-3ad3-4bfa-a3c8-c671cafe6854,unstable.kiwi,available,31.98,35.68,high,low,8,namecheap,,,18/08/2026 09:17
1a5e2c8a-cb32-4fa9-b1a6-95c377dea3c4,photographs.kiwi,available,31.98,35.68,high,low,11,namecheap,,,27/09/2026 09:34
0990a61c-f9ac-4492-8713-8534e71e5c42,stairway.kiwi,available,21.52,21.52,high,low,8,dynadot,,,29/09/2026 08:07
8ab53e53-eb9b-427b-a8a6-eb06e5d0caf0,snowstorms.kiwi,available,31.98,35.68,low,low,10,namecheap,,,19/09/2026 21:56
9e5eae09-953f-4595-a0d8-ba67da51ee05,decaying.kiwi,available,31.98,35.68,medium,low,8,namecheap,,,01/10/2026 06:00
228891d2-bda8-47d1-9dc9-f0bacc8e5b64,parental.kiwi,available,31.98,35.68,high,low,8,namecheap,,,08/09/2026 01:14
c19e0897-4eda-45d0-8ac3-20efe76f2225,menacing.kiwi,available,31.98,35.68,medium,low,8,namecheap,,,24/08/2026 19:55
33b36097-0331-491b-9b5c-ecec0db01e1d,coroner.kiwi,available,31.98,35.68,medium,low,7,namecheap,,,28/09/2026 09:27
f2af6759-71b5-4d8a-a046-2f157ec80cd5,considering.kiwi,available,31.98,35.68,medium,low,11,namecheap,,,26/09/2026 03:06
cf0d4cbf-9a88-474e-b09a-21cf6ea1247d,apace.kiwi,available,31.98,35.68,medium,low,5,namecheap,,,13/09/2026 20:22
6dedbab5-e40a-43ac-8c41-e428ed13e858,glaucous.kiwi,available,31.98,35.68,medium,low,8,namecheap,,,20/08/2026 14:16
a7d46a46-a99e-45a2-b43a-d2aadc09deb8,sincere.kiwi,available,31.98,35.68,high,low,7,namecheap,,,24/09/2026 13:03
c557ac3d-6285-4aa9-9ff9-b5d6419c6087,sectors.kiwi,available,31.98,35.68,medium,low,7,namecheap,,,01/10/2026 17:50
bb839a8f-447a-40ad-a4b2-0a1b9a5e0b1c,sor.kiwi,premium,81.9,81.9,medium,low,3,namecheap,,,29/09/2026 14:39
ddc3d02c-5c72-4a51-84d6-7cccd796d87e,chock.kiwi,available,31.98,35.68,medium,low,5,namecheap,,,14/09/2026 06:47
82ef4dd6-f3c6-49fb-8641-778341db8663,qualify.kiwi,available,21.47,21.47,high,low,7,dynadot,,,28/09/2026 06:57
f9a725f7-5215-4244-9921-422898a89fba,ecc.kiwi,premium,61.97,61.97,high,low,3,dynadot,,,01/10/2026 19:18
38a2d69d-beaf-4c84-9156-d1af3ab07860,dyke.kiwi,available,31.98,35.68,medium,low,4,namecheap,,,11/08/2026 11:35
ecea457c-1a03-4b69-bf45-c247afb41652,blissful.kiwi,available,31.98,35.68,high,low,8,namecheap,,,10/08/2026 14:33
b5bc052f-6a65-4f9f-9df9-9deefc8650c2,armilla.kiwi,available,31.98,35.68,medium,low,7,namecheap,,,20/09/2026 07:02
c0588c26-b4f8-477c-b1e9-2ae5d1c9217f,participant.kiwi,available,21.43,21.43,high,low,11,dynadot,,,01/10/2026 00:28
ece3ba06-940f-4f52-9435-f471cb492b05,dvorak.kiwi,available,31.98,35.68,medium,low,6,namecheap,,,19/09/2026 15:32
0b5a614b-02dd-4a00-a77b-38756cc6a281,denies.kiwi,available,31.98,35.68,low,low,6,namecheap,,,29/09/2026 15:56
203c8834-0f07-47d4-b933-903d5efffb5e,midterm.kiwi,available,31.98,35.68,high,low,7,namecheap,,,01/10/2026 20:32
1cf6029e-a268-42eb-8c76-b994e75988a5,aimless.kiwi,available,31.98,35.68,medium,low,7,namecheap,,,
7d69a3c8-99a6-46f5-93b3-5a5aca21ebac,thor.kiwi,premium,46.71,46.71,high,medium,4,dynadot,,,29/09/2026 08:13
bf2f4d63-8c73-41cb-9ce8-05c65ebb990a,flirting.kiwi,available,21.52,21.52,high,low,8,dynadot,,,29/09/2026 06:25
872203cb-f1bf-4c63-a873-745f7da6b68d,desultory.kiwi,available,31.98,35.68,medium,low,9,namecheap,,,14/08/2026 04:36
055ee11b-54d1-4538-a634-1ffa19b5aab6,capitalist.kiwi,available,31.98,35.68,high,low,10,namecheap,,,11/08/2026 17:55
f4d15d6d-6127-4cc4-b8cc-0b015cee10ad,debauch.kiwi,available,31.98,35.68,medium,low,7,namecheap,,,13/08/2026 02:20
97809629-56f2-4b7d-82f4-4314386d127b,drink.kiwi,available,31.98,35.68,high,low,5,namecheap,,,01/10/2026 16:02
2276184f-3884-42e8-a9f0-8061e8e4c5d5,unconfined.kiwi,available,31.98,35.68,medium,low,10,namecheap,,,12/09/2026 06:03
3e9debe8-8b86-4a49-ada4-91b6c557b92b,pleasures.kiwi,available,21.52,21.52,medium,low,9,dynadot,,,29/09/2026 16:55
4c3492ff-1997-4560-93e4-c8d5d6806bdb,divert.kiwi,available,31.98,35.68,high,low,6,namecheap,,,24/09/2026 07:57
48ff1d63-1102-4806-b641-d47cab71d99b,fulgurous.kiwi,available,42.99,42.99,medium,low,9,name.com,,,13/08/2026 19:01
469474a1-6a7c-4279-a708-e833f5b21c37,cocksucker.kiwi,available,31.98,35.68,medium,low,10,namecheap,,,08/08/2026 23:29
d4e0086c-3f2c-4873-b1a3-1098e96d2737,bleeder.kiwi,available,31.98,35.68,medium,low,7,namecheap,,,24/09/2026 05:24
daaa23d7-d88e-45b8-8314-fd32084ec19a,lugo.kiwi,available,21.43,21.43,high,low,4,dynadot,,,30/09/2026 13:46
1795be2c-1e07-4852-a546-10d18b63ba6f,dicker.kiwi,available,42.99,42.99,medium,low,6,name.com,,,22/09/2026 05:30
d2b2838f-7e22-4605-a471-7c88e60912b6,grieving.kiwi,available,31.98,35.68,medium,low,8,namecheap,,,09/08/2026 15:07
3fc8c0d8-cf17-4c5a-9e20-09b27d5cb1ea,anzac.kiwi,available,31.98,35.68,high,low,5,namecheap,,,19/09/2026 16:00
0cabf3f3-cdf6-4824-8e56-7861be205708,moderato.kiwi,available,31.98,35.68,high,low,8,namecheap,,,25/08/2026 02:58
2e9c2b41-47c9-4828-b1b2-e6695cd579f1,whilst.kiwi,available,31.98,35.68,medium,low,6,namecheap,,,01/10/2026 02:11
213bbc96-0e54-4456-896c-1d2c3d298dc4,abode.kiwi,available,31.98,35.68,high,low,5,namecheap,,,16/09/2026 16:25
e3ff8004-9300-46d3-87a6-c8117b5585c1,ternion.kiwi,available,31.98,35.68,medium,low,7,namecheap,,,
7a556652-d4f4-4a5b-993d-18d580d1df34,overseas.kiwi,premium,41.6,41.6,high,medium,8,namecheap,,,21/09/2026 14:34
8ea952c0-9b7d-4137-9129-e5ad71dd7d47,konrad.kiwi,available,31.98,35.68,medium,low,6,namecheap,,,28/09/2026 12:53
0bfff65a-79a8-402a-8079-9f7fffd9a4fb,individuality.kiwi,available,21.41,21.41,medium,low,13,dynadot,,,01/10/2026 14:25
3e385975-8c55-4bec-b66e-e7401be0a998,transmissions.kiwi,available,31.98,35.68,medium,low,13,namecheap,,,29/09/2026 17:50
857b60d2-2c17-4881-bd43-0d0dbdcb3e9e,october.kiwi,available,21.47,21.47,high,low,7,dynadot,,,28/09/2026 02:51
c29f6d7f-69d3-40f3-be03-ccca9390d607,illness.kiwi,available,31.98,35.68,high,low,7,namecheap,,,29/09/2026 23:34
8f4ff158-6250-4e4f-a431-cc554e218331,assize.kiwi,available,31.98,35.68,medium,low,6,namecheap,,,20/09/2026 16:30
a4290a7b-c335-404e-93e9-eda801dc08f0,liner.kiwi,available,39.99,39.99,high,low,5,godaddy,,,30/09/2026 02:08
17764bc6-4711-48af-90ae-64b2da061ebb,unhampered.kiwi,available,31.98,35.68,medium,low,10,namecheap,,,12/09/2026 11:51
79d89e8f-3e7c-469f-bf23-d31a12b9e759,assignable.kiwi,available,31.98,35.68,medium,low,10,namecheap,,,07/08/2026 06:19
c681da9e-98ee-41c6-a0d9-d7c7e0438fde,implanted.kiwi,available,31.98,35.68,medium,low,9,namecheap,,,13/08/2026 22:47
41064979-ae15-4826-9ca5-695e22b3c589,spaghetti.kiwi,available,21.47,21.47,high,low,9,dynadot,,,28/09/2026 15:23
6e54cabc-6d08-45c8-a96e-47c1da17f9ee,compost.kiwi,available,21.28,21.28,high,low,7,dynadot,,,02/10/2026 04:25
475043b4-3ef7-4503-bfee-990820f4d91b,extradition.kiwi,available,31.98,35.68,medium,low,11,namecheap,,,01/10/2026 15:51
6948b143-bdb0-4123-9132-17d8ec7e9fdb,smarter.kiwi,available,31.98,35.68,high,low,7,namecheap,,,29/09/2026 10:30
38ac74ff-7048-4072-ae6d-776c9d66d16d,catch.kiwi,available,21.47,21.47,high,low,5,dynadot,,,28/09/2026 22:15
d00b6f7f-ee77-4f15-852d-b6ac47f4badd,unavailable.kiwi,available,21.52,21.52,medium,low,11,dynadot,,,29/09/2026 03:22
5f220776-41ab-40eb-a5d1-a3f903cf6c4b,leucine.kiwi,available,31.98,35.68,high,low,7,namecheap,,,01/10/2026 20:19
5a603ad2-81ed-4a74-a681-d6aba643850d,begging.kiwi,available,31.98,35.68,medium,low,7,namecheap,,,23/09/2026 02:16
119b32ff-603e-4093-978f-19a0d3cb776b,attentive.kiwi,available,31.98,35.68,high,low,9,namecheap,,,22/09/2026 11:22
cecdba57-0ee5-4174-9e61-cb1500f69cc9,swash.kiwi,available,31.98,35.68,medium,low,5,namecheap,,,11/08/2026 01:05
905c0dc6-c454-4604-a72a-9ba310f9ad87,predictive.kiwi,available,31.98,35.68,high,medium,10,namecheap,,,09/09/2026 01:25
8f3ece49-3760-4e26-9d24-8dc3c5588652,seating.kiwi,available,31.98,35.68,high,low,7,namecheap,,,29/09/2026 02:06
0522902b-bf24-42cc-8101-2acebeb47d29,keep.kiwi,premium,155.72,155.72,high,low,4,dynadot,,,29/09/2026 04:03
8d22f86d-e420-4263-ad07-a1e933a50a80,cheltenham.kiwi,available,31.98,35.68,medium,low,10,namecheap,,,28/09/2026 12:18
f041bfe0-1677-486b-8a89-db0bbb51137a,hairs.kiwi,available,31.98,35.68,medium,low,5,namecheap,,,28/09/2026 08:42
cd2ccffc-b799-4cac-b0cf-110e6dd8b74e,nitid.kiwi,available,31.98,35.68,medium,low,5,namecheap,,,
2f130005-c7f9-461f-ab5b-10dcbf7d5bbd,formed.kiwi,available,31.98,35.68,high,low,6,namecheap,,,18/08/2026 12:09
20d1096d-af2a-42d0-8136-ba51fe7d3a10,promiscuous.kiwi,available,31.98,35.68,medium,low,11,namecheap,,,01/10/2026 22:33
b797d9ae-889e-4e08-9650-49ffc2694124,merciful.kiwi,available,31.98,35.68,high,low,8,namecheap,,,24/08/2026 20:34
fbaf9d28-5a8a-4ba3-bee4-bbba5d59b16c,bureaucracy.kiwi,available,21.41,21.41,high,low,11,dynadot,,,01/10/2026 13:02
868b2ab2-5b44-47e5-a47a-b94c5f8e1c95,salmagundi.kiwi,available,31.98,35.68,high,low,10,namecheap,,,25/08/2026 08:22
33e18467-fb7c-459f-ba42-752bf2bf6d7e,asur.kiwi,available,31.98,35.68,medium,low,4,namecheap,,,20/09/2026 16:43
dd7df912-050c-4544-9a0e-78d97ddb542d,welcoming.kiwi,available,31.98,35.68,high,low,9,namecheap,,,13/09/2026 10:14
ddb851ad-8d5d-4281-a57b-5127be4b3921,askant.kiwi,available,31.98,35.68,medium,low,6,namecheap,,,07/08/2026 03:05
15ad340f-79d1-49a2-82bc-2a816b030c3a,despot.kiwi,available,31.98,35.68,medium,low,6,namecheap,,,21/09/2026 06:11
04f470be-91dc-4203-832a-b0d6ab2af144,pearson.kiwi,available,31.98,35.68,high,medium,7,namecheap,,,25/09/2026 17:36
50787be4-6ecd-4c23-a8ce-8198dfbc5564,meeting.kiwi,premium,202.8,202.8,high,low,7,namecheap,,,28/09/2026 07:59
0bd11e93-14d9-4445-8043-265acfa1e487,view.kiwi,available,21.52,21.52,high,medium,4,dynadot,,,29/09/2026 18:48
0f916ead-3444-4b2e-9a46-7904c2359f03,spastic.kiwi,available,31.98,35.68,medium,low,7,namecheap,,,13/08/2026 00:06
f26ed2c5-5775-4e1d-81f5-2bf1d61d47bc,shoddy.kiwi,available,31.98,35.68,medium,low,6,namecheap,,,12/08/2026 03:27
8fe331a1-41da-4bf8-b42e-e0424c511649,companion.kiwi,available,31.98,35.68,high,low,9,namecheap,,,24/09/2026 16:40
62080e8b-5a57-43a3-bf1b-0d5295029ced,foyer.kiwi,available,31.98,35.68,high,low,5,namecheap,,,19/09/2026 12:45
c757db5d-98aa-4347-87f7-0ac0352211c2,reentrant.kiwi,available,31.98,35.68,medium,low,10,namecheap,,,09/09/2026 10:51
b7e84cff-72c0-4ec5-a5a7-de54dde2aade,lieutenants.kiwi,available,21.41,21.41,low,low,11,dynadot,,,01/10/2026 17:56
09c527a1-0bc6-4c45-ba19-8e67c5e3b0eb,maitland.kiwi,available,39.99,39.99,medium,low,8,godaddy,,,28/09/2026 01:57
12e2be43-234f-4d8d-9558-590d1a0d81e2,isosceles.kiwi,available,31.98,35.68,medium,low,9,namecheap,,,22/08/2026 11:16
d4eaea95-f44a-4fd2-bd51-51fcdce892fc,prole.kiwi,available,31.98,35.68,medium,low,5,namecheap,,,09/09/2026 03:01
0b3f180c-56be-42f3-b9a9-365a3bb8afb2,predict.kiwi,available,31.98,35.68,high,medium,7,namecheap,,,21/09/2026 03:41
a14119ae-dbdb-471a-b044-656e83ddeb9e,aba.kiwi,premium,202.8,202.8,high,low,3,namecheap,,,16/09/2026 13:42
bc4231bf-3b9a-476a-96f3-b7f636ceb069,oviedo.kiwi,available,31.98,35.68,high,low,6,namecheap,,,30/09/2026 10:41
ff6dc39e-70f9-4c42-99cd-89bd9500171b,rises.kiwi,available,31.98,35.68,low,low,5,namecheap,,,28/09/2026 13:01
37760c49-dd11-48b7-8ed3-7ba918149aeb,meshes.kiwi,available,31.98,35.68,low,low,6,namecheap,,,01/10/2026 18:22
919d9eba-a460-4839-a4b8-b4ee51166d08,breast.kiwi,available,31.98,35.68,high,low,6,namecheap,,,24/09/2026 08:29
f23c5207-04a4-4c30-9a2a-e66e82911edd,olympics.kiwi,available,31.98,35.68,high,low,8,namecheap,,,30/09/2026 06:06
2f23defb-aecd-4e1e-a2bf-f24f83c3eba9,elijah.kiwi,available,21.52,21.52,high,low,6,dynadot,,,29/09/2026 12:10
023a1688-07ad-4d20-a621-8566348fa113,crisscross.kiwi,available,31.98,35.68,high,low,10,namecheap,,,13/08/2026 07:25
06dfa378-a47f-4d31-9a89-bb1f66bcd678,seasonal.kiwi,available,31.98,35.68,high,low,8,namecheap,,,10/09/2026 00:58
17afe20c-b01b-4ac7-80b6-e0763e1b7def,twoscore.kiwi,available,31.98,35.68,medium,low,8,namecheap,,,
ffb2f381-2e16-47f9-b388-bfa20bacda21,equanimity.kiwi,available,31.98,35.68,high,low,10,namecheap,,,11/08/2026 14:58
c437a96d-20b6-41c5-9d22-e076cf439caa,tres.kiwi,available,21.41,21.41,high,low,4,dynadot,,,01/10/2026 22:18
b7503d65-e09c-43cd-bc13-aca3e3e55e80,elderly.kiwi,available,42.99,42.99,high,low,7,name.com,,,21/09/2026 22:30
cb044a38-da48-45d8-a840-c4c7c5ebab0f,compilation.kiwi,available,35.68,,high,low,11,namecheap,,,
2f32dd6c-fd20-4ef4-b677-d4c1c744168f,exploding.kiwi,available,21.43,21.43,high,low,9,dynadot,,,30/09/2026 04:01
d26a1c5a-aaba-4fc5-a542-45e7bdd33bac,ims.kiwi,available,31.98,35.68,high,low,3,namecheap,,,30/09/2026 06:44
cf21b0ea-7a41-4031-8262-56faf7886a92,dampness.kiwi,available,42.99,42.99,medium,low,8,name.com,,,13/08/2026 16:45
50fad559-740c-4664-a1e5-2208af9cb4e9,chary.kiwi,available,31.98,35.68,medium,low,5,namecheap,,,12/08/2026 02:59
30bc83bb-4444-4282-98a1-4aaff2325fbb,researched.kiwi,available,31.98,35.68,medium,low,10,namecheap,,,01/10/2026 00:58
af6b51a0-fa5e-43ab-8af6-fba0fa816add,receptors.kiwi,available,31.98,35.68,medium,low,9,namecheap,,,01/10/2026 18:02
712cfd8a-94bd-450f-955e-3fd482ef0c0a,gripping.kiwi,available,31.98,35.68,high,low,8,namecheap,,,21/09/2026 15:05
ce040387-4b9e-44e0-a1a3-821cd7e1d26a,winding.kiwi,available,31.98,35.68,medium,low,7,namecheap,,,24/08/2026 18:19
9e046377-ced4-45de-bd03-58cd2f542c10,apis.kiwi,available,31.98,35.68,high,medium,4,namecheap,,,19/09/2026 17:28
713b517d-ff4c-4c76-9436-e9b0c0a6dfbf,logged.kiwi,available,31.98,35.68,medium,low,6,namecheap,,,29/09/2026 16:39
4dd0310c-8afd-4f4b-a1c5-df188ebc47a4,jamesian.kiwi,available,31.98,35.68,medium,low,8,namecheap,,,22/08/2026 12:13
413a0382-f6f8-4b4a-9de3-6dda9d21266b,piddling.kiwi,available,31.98,35.68,medium,low,8,namecheap,,,18/08/2026 03:33